"","city1_2","flight","plane","city1","city2","city3","city4","city5","remarks","flight_account","flag"
"49","阿拉善左旗银川","JR1518","MA6","阿拉善左旗","银川",NA,NA,NA,"与MU8116代号共享；待航线走向批复后执行",7,NA
"68","安庆大连","GX8877","E90","安庆","大连",NA,NA,NA,"或A320执行；与GS8877/HU8877代码共享；执行日期0701-1029执行；待航路走向批复后执行",7,NA
"72","安庆南宁","GX8878","E90","安庆","南宁",NA,NA,NA,"或A320执行；与GS8878/HU8878代码共享；执行日期0701-1029执行；待航路走向批复后执行",7,NA
"87","安顺西双版纳","GJ8879","320","安顺","西双版纳",NA,NA,NA,"待航线走向批复后执行",3,NA
"165","包头丽江","EU2240","319","包头","丽江",NA,NA,NA,"或A320执行",7,NA
"226","北戴河成都","DR6542","73G","北戴河","成都",NA,NA,NA,"或738执行待航路走向批复后执行。",4,NA
"227","北戴河广州","HU7324","738","北戴河","广州",NA,NA,NA,"待航路走向批复后执行",4,NA
"228","北戴河哈尔滨","DR6541","73G","北戴河","哈尔滨",NA,NA,NA,"或738执行待航路走向批复后执行。",4,NA
"229","北戴河青岛","NS3291","E90","北戴河","青岛",NA,NA,NA,"或73G/738执行",3,NA
"230","北戴河上海浦东","FM9142","73G","北戴河","上海浦东",NA,NA,NA,"或333/767/738执行 执行日期0327-1029执行",1,NA
"231","北戴河上海浦东","FM9142","73G","北戴河","上海浦东",NA,NA,NA,"或333/767/738执行 执行日期0327-1029执行",1,NA
"232","北戴河上海浦东","FM9142","73G","北戴河","上海浦东",NA,NA,NA,"或333/767/738执行 执行日期0327-1029执行",1,NA
"233","北戴河上海浦东","FM9142","73G","北戴河","上海浦东",NA,NA,NA,"或333/767/738执行 执行日期0327-1029执行",4,NA
"234","北戴河石家庄","NS3292","E90","北戴河","石家庄",NA,NA,NA,"或73G/738执行",3,NA
"235","北戴河石家庄","NS3280","E90","北戴河","石家庄",NA,NA,NA,"或738/73G执行",4,NA
"236","北戴河徐州","HU7324","738","北戴河","徐州","广州",NA,NA,"待航路走向批复后执行",4,NA
"247","北海合肥","NS3250","E90","北海","合肥","石家庄",NA,NA,"或738/73G执行",7,NA
"248","北海合肥","NS3250","E90","北海","合肥","石家庄",NA,NA,"或738/73G执行",4,NA
"313","北京南苑海拉尔","KN2287","738","北京南苑","海拉尔",NA,NA,NA,"待航线走向批复后执行",4,NA
"314","北京南苑海拉尔","KN2297","738","北京南苑","海拉尔",NA,NA,NA,"待航线走向批复后执行",7,NA
"315","北京南苑海拉尔","KN2287","738","北京南苑","海拉尔",NA,NA,NA,"待航线走向批复后执行",3,NA
"316","北京南苑海拉尔","KN2289","738","北京南苑","海拉尔",NA,NA,NA,"待航线走向批复后执行",7,NA
"317","北京南苑海拉尔","KN5869","738","北京南苑","海拉尔",NA,NA,NA,"待航线走向批复后执行",3,NA
"660","北京首都海拉尔","JD5625","319","北京首都","海拉尔",NA,NA,NA,"或320/321/330执行",2,NA
"661","北京首都海拉尔","MF8281","737","北京首都","海拉尔",NA,NA,NA,NA,7,NA
"662","北京首都海拉尔","CA1141","738","北京首都","海拉尔",NA,NA,NA,"执行日期0701-0930执行",3,NA
"663","北京首都海拉尔","CA1141","738","北京首都","海拉尔",NA,NA,NA,"执行日期0701-0930执行",1,NA
"664","北京首都海拉尔","CA1131","738","北京首都","海拉尔",NA,NA,NA,NA,4,NA
"665","北京首都海拉尔","CA1131","738","北京首都","海拉尔",NA,NA,NA,NA,3,NA
"666","北京首都海拉尔","CN7101","738","北京首都","海拉尔",NA,NA,NA,"与HU7101代号共享",7,NA
"667","北京首都海拉尔","CA1129","738","北京首都","海拉尔",NA,NA,NA,"执行日期0701-0930执行",7,NA
"668","北京首都海拉尔","CA1125","738","北京首都","海拉尔",NA,NA,NA,"执行日期0701-0930执行",7,NA
"669","北京首都海拉尔","MU2863","320","北京首都","海拉尔",NA,NA,NA,NA,7,NA
"670","北京首都海拉尔","CA1141","738","北京首都","海拉尔",NA,NA,NA,"执行日期0701-0930执行",1,NA
"743","北京首都揭阳","CA1849","319","北京首都","揭阳",NA,NA,NA,NA,7,NA
"744","北京首都揭阳","CZ3862","738","北京首都","揭阳",NA,NA,NA,"与MF1658 MU3463代码共享",7,NA
"745","北京首都揭阳","CA1347","738","北京首都","揭阳",NA,NA,NA,NA,7,NA
"746","北京首都揭阳","CZ6572","738","北京首都","揭阳",NA,NA,NA,"与MF4178 MU4418代码共享",5,NA
"747","北京首都揭阳","CZ6572","738","北京首都","揭阳",NA,NA,NA,"与MF4178 MU4418代码共享",2,NA
"754","北京首都九寨","CA4122","319","北京首都","九寨",NA,NA,NA,NA,6,NA
"755","北京首都九寨","CA4122","319","北京首都","九寨",NA,NA,NA,NA,1,NA
"945","北京首都三明","HU7197/8","738","北京首都","三明",NA,NA,NA,NA,4,NA
"946","北京首都三明","HU7197/8","738","北京首都","三明",NA,NA,NA,NA,4,NA
"1091","北京首都十堰","CA1811/2","738","北京首都","十堰","北京首都",NA,NA,NA,4,NA
"1092","北京首都十堰","CZ6728","738","北京首都","十堰","武汉",NA,NA,NA,3,NA
"1093","北京首都十堰","CZ6626","738","北京首都","十堰",NA,NA,NA,NA,3,NA
"1094","北京首都石河子","CA1299","738","北京首都","石河子",NA,NA,NA,NA,3,NA
"1120","北京首都万县","3U8838","320","北京首都","万县","昆明",NA,NA,"或330/321/319执行 待航路走向批复后执行",1,NA
"1121","北京首都万县","3U8838","319","北京首都","万县","昆明",NA,NA,"或330/321/320执行 待航路走向批复后执行",6,NA
"1305","北京首都营口","DZ6209/10","738","北京首都","营口","北京首都",NA,NA,NA,7,NA
"1429","毕节兰州","GX8865","E90","毕节","兰州",NA,NA,NA,"或A320执行；与GS8865/HU8865代码共享；执行日期0327-1029执行；待航路走向批复后执行",3,NA
"1432","毕节南宁","GX8816","E90","毕节","南宁",NA,NA,NA,"或A320执行；与GS8816/HU8816代码共享；执行日期0327-1029执行；待航路走向批复后执行",3,NA
"1437","毕节西安","GX8815","E90","毕节","西安",NA,NA,NA,"或A320执行；与GS8815/HU8815代码共享；执行日期0327-1029执行；待航路走向批复后执行",3,NA
"1466","常德佛山","KN5761","738","常德","佛山",NA,NA,NA,"待航线走向批复后执行",3,NA
"1473","常德沈阳","GX8803/4","320","常德","沈阳",NA,NA,NA,NA,3,NA
"1474","常德沈阳","GX8803/4","320","常德","沈阳",NA,NA,NA,NA,3,NA
"1527","成都北戴河","DR6541","73G","成都","北戴河","哈尔滨",NA,NA,"或738执行待航路走向批复后执行。",4,NA
"1593","成都池州","HO1270","320","成都","池州","上海虹桥",NA,NA,"待航线走向批复后执行",7,NA
"1635","成都甘孜","3U8359","319","成都","甘孜","稻城",NA,NA,NA,1,NA
"1636","成都甘孜","MU5443","319","成都","甘孜",NA,NA,NA,"执行日期0327-1029执行 待航路走向批复后执行",3,NA
"1637","成都甘孜","MU5443","319","成都","甘孜",NA,NA,NA,"执行日期0327-1029执行 待航路走向批复后执行",3,NA
"1638","成都甘孜","3U8359","319","成都","甘孜","稻城",NA,NA,NA,1,NA
"1639","成都甘孜","8L9627","73G","成都","甘孜","拉萨",NA,NA,"或738/319/320执行。待航路走向批复后执行。",7,NA
"1640","成都甘孜","MU5443","319","成都","甘孜",NA,NA,NA,"执行日期0327-1029执行 待航路走向批复后执行",1,NA
"1708","成都海拉尔","EU2249","319","成都","海拉尔",NA,NA,NA,"或A320执行。",7,NA
"1709","成都海拉尔","EU2249","319","成都","海拉尔",NA,NA,NA,"或A320执行。",4,NA
"1769","成都揭阳","CA4373","319","成都","揭阳",NA,NA,NA,NA,7,NA
"1770","成都揭阳","CZ3866","738","成都","揭阳",NA,NA,NA,"与MF1662代码共享",7,NA
"1771","成都金昌","EU2273","319","成都","金昌",NA,NA,NA,"或A320执行。",3,NA
"1774","成都九寨","3U8605","319","成都","九寨",NA,NA,NA,"或330/321/320执行",1,NA
"1775","成都九寨","CA4481","319","成都","九寨",NA,NA,NA,NA,2,NA
"1776","成都九寨","CA4483","319","成都","九寨",NA,NA,NA,NA,7,NA
"1777","成都九寨","HU7613","738","成都","九寨",NA,NA,NA,NA,7,NA
"1778","成都九寨","MU5863","73G","成都","九寨",NA,NA,NA,"执行日期0327-1029执行",7,NA
"1779","成都九寨","3U8159","319","成都","九寨",NA,NA,NA,NA,1,NA
"1780","成都九寨","3U8605","319","成都","九寨",NA,NA,NA,"或330/321/320执行",3,NA
"1781","成都九寨","MU5851","73G","成都","九寨",NA,NA,NA,"执行日期0327-1029执行",7,NA
"1782","成都九寨","EU2705","319","成都","九寨",NA,NA,NA,"或A320执行。",7,NA
"1783","成都九寨","3U8159","319","成都","九寨",NA,NA,NA,NA,2,NA
"1784","成都九寨","3U8605","319","成都","九寨",NA,NA,NA,"或330/321/320执行",3,NA
"1785","成都九寨","CA4487","319","成都","九寨",NA,NA,NA,NA,7,NA
"1786","成都九寨","3U8607","319","成都","九寨",NA,NA,NA,"或330/321/320执行",3,NA
"1787","成都九寨","8L9601","73G","成都","九寨",NA,NA,NA,"或738/319/320执行。",7,NA
"1788","成都九寨","3U8607","319","成都","九寨",NA,NA,NA,"或330/321/320执行",3,NA
"1789","成都九寨","3U8607","319","成都","九寨",NA,NA,NA,"或330/321/320执行",1,NA
"1795","成都库车","CA4241","319","成都","库车","喀什",NA,NA,NA,3,NA
"2054","成都万县","3U8797","320","成都","万县","深圳",NA,NA,NA,2,NA
"2164","成都张掖","EU2271","319","成都","张掖",NA,NA,NA,"或A320执行。",4,NA
"2204","池州成都","HO1269","320","池州","成都",NA,NA,NA,"待航线走向批复后执行",7,NA
"2207","池州昆明","MU5327","320","池州","昆明",NA,NA,NA,NA,7,NA
"2208","池州厦门","MF8570","73G","池州","厦门",NA,NA,NA,"或B738/752执行 与CZ5466/NS8570代码共享 待航路走向批复后执行",4,NA
"2209","池州厦门","MF8570","73G","池州","厦门",NA,NA,NA,"或B738/752执行 与CZ5466/NS8570代码共享 待航路走向批复后执行",3,NA
"2210","池州上海虹桥","HO1270","320","池州","上海虹桥",NA,NA,NA,"待航线走向批复后执行",7,NA
"2211","池州深圳","ZH9732","319","池州","深圳",NA,NA,NA,"或739/738/320执行;同CA3838 KY9732代码共享",7,NA
"2223","赤峰海拉尔","GS7915","EMB","赤峰","海拉尔",NA,NA,NA,"或320/E90执行 待航路走向批复后执行",4,NA
"2224","赤峰海拉尔","GS7915","E90","赤峰","海拉尔",NA,NA,NA,"或320/EM4执行 待航路走向批复后执行",3,NA
"2241","赤峰青岛","MU9635/6","320","赤峰","青岛",NA,NA,NA,NA,3,NA
"2296","大连安庆","GX8878","E90","大连","安庆","南宁",NA,NA,"或A320执行；与GS8878/HU8878代码共享；执行日期0701-1029执行；待航路走向批复后执行",7,NA
"2363","大连大同","GS6419/20","320","大连","大同","大连",NA,NA,NA,3,NA
"2396","大连海拉尔","MU2791","320","大连","海拉尔",NA,NA,NA,"执行日期0701-1029执行 待航路走向批复后执行",7,NA
"2446","大连揭阳","CZ6770","738","大连","揭阳",NA,NA,NA,"与MF4314代码共享",1,NA
"2447","大连揭阳","CZ6770","738","大连","揭阳",NA,NA,NA,"与MF4314代码共享",2,NA
"2470","大连临汾","GS6421/2","320","大连","临汾","大连",NA,NA,NA,4,NA
"2789","大庆海拉尔","CZ6421","319","大庆","海拉尔",NA,NA,NA,"或321/320执行 与MF4045 G55110代码共享 待航路走向批复后执行",2,NA
"2804","大同大连","GS6419/20","320","大同","大连",NA,NA,NA,NA,3,NA
"2845","稻城甘孜","3U8360","319","稻城","甘孜","成都",NA,NA,NA,1,NA
"2846","稻城甘孜","3U8360","319","稻城","甘孜","成都",NA,NA,NA,1,NA
"2860","德宏迪庆","3U8612","319","德宏","迪庆","西安",NA,NA,NA,3,NA
"2886","德宏青岛","KY8329","73G","德宏","青岛",NA,NA,NA,"与ZH3197代码共享与CA5797代码共享。待航路走向批复后执行。",7,NA
"2888","德宏西安","3U8612","319","德宏","西安",NA,NA,NA,NA,3,NA
"2892","迪庆德宏","3U8611","319","迪庆","德宏",NA,NA,NA,NA,3,NA
"2920","敦煌花土沟","MU2355/6","319","敦煌","花土沟",NA,NA,NA,NA,7,NA
"2921","敦煌花土沟","MU2355/6","319","敦煌","花土沟",NA,NA,NA,NA,7,NA
"2964","鄂尔多斯佛山","KN2801","738","鄂尔多斯","佛山",NA,NA,NA,"待航线走向批复后执行",7,NA
"3018","佛山常德","KN5762","738","佛山","常德","北京南苑",NA,NA,"待航线走向批复后执行",3,NA
"3019","佛山鄂尔多斯","KN2802","738","佛山","鄂尔多斯",NA,NA,NA,"待航线走向批复后执行",7,NA
"3020","佛山海拉尔","KN5869","738","佛山","海拉尔",NA,NA,NA,"待航线走向批复后执行",3,NA
"3024","佛山石家庄","KN2366","738","佛山","石家庄",NA,NA,NA,"待航线走向批复后执行",7,NA
"3100","福州海拉尔","MF8289","738","福州","海拉尔",NA,NA,NA,"或B73G/752执行 执行日期6.1-10.29执行 与CZ5479/NS8289代码共享",7,NA
"3101","福州海拉尔","FU6649","738","福州","海拉尔",NA,NA,NA,"或E190执飞 执行日期0626-0910执行 待航路走向批复后执行",7,NA
"3317","甘孜成都","3U8360","319","甘孜","成都",NA,NA,NA,NA,1,NA
"3318","甘孜成都","3U8360","319","甘孜","成都",NA,NA,NA,NA,1,NA
"3319","甘孜成都","8L9628","73G","甘孜","成都",NA,NA,NA,"或738/319/320执行。待航路走向批复后执行。",7,NA
"3320","甘孜成都","MU5444","319","甘孜","成都",NA,NA,NA,"执行日期0327-1029执行 待航路走向批复后执行",7,NA
"3321","甘孜稻城","3U8359","319","甘孜","稻城",NA,NA,NA,NA,1,NA
"3322","甘孜稻城","3U8359","319","甘孜","稻城",NA,NA,NA,NA,1,NA
"3323","甘孜杭州","3U8166","319","甘孜","杭州",NA,NA,NA,"或330/321/320执行 待航路走向批复后执行",2,NA
"3324","甘孜昆明","3U8174","319","甘孜","昆明",NA,NA,NA,"待航路走向批复后执行",3,NA
"3325","甘孜拉萨","8L9627","73G","甘孜","拉萨",NA,NA,NA,"或738/319/320执行。待航路走向批复后执行。",7,NA
"3326","甘孜重庆","3U8166","319","甘孜","重庆","杭州",NA,NA,"或330/321/320执行 待航路走向批复后执行",2,NA
"3353","固原天津","G52670","CR9","固原","天津",NA,NA,NA,NA,7,NA
"3380","广州北戴河","HU7323","738","广州","北戴河",NA,NA,NA,"待航路走向批复后执行",4,NA
"3573","广州海拉尔","CZ8423/4","738","广州","海拉尔",NA,NA,NA,NA,3,NA
"3574","广州海拉尔","AQ1031/2","738","广州","海拉尔","广州",NA,NA,NA,7,NA
"3575","广州海拉尔","CZ8423/4","738","广州","海拉尔",NA,NA,NA,NA,3,NA
"3646","广州揭阳","CZ6644/3","319","广州","揭阳",NA,NA,NA,NA,4,NA
"3647","广州揭阳","CZ3896","738","广州","揭阳",NA,NA,NA,"与MF1690 MU3487代码共享",7,NA
"3648","广州揭阳","CZ3894","738","广州","揭阳",NA,NA,NA,"与MF1688 MU3485代码共享",7,NA
"3649","广州揭阳","CZ3928","738","广州","揭阳",NA,NA,NA,"与MF1720 MU3503代码共享",7,NA
"3650","广州揭阳","CZ3892","738","广州","揭阳",NA,NA,NA,"与MF1686 MU3483代码共享",7,NA
"3654","广州九寨","CA4394","319","广州","九寨",NA,NA,NA,NA,7,NA
"3778","广州黔南州","CZ3929","319","广州","黔南州",NA,NA,NA,"或321/320/738/73G/E90执行 与MF1721 MU3504代码共享",3,NA
"3790","广州庆阳","HU7393/4","738","广州","庆阳",NA,NA,NA,NA,4,NA
"3791","广州庆阳","HU7393/4","738","广州","庆阳","兰州","庆阳","广州",NA,4,NA
"3928","广州万县","CA4336","737","广州","万县",NA,NA,NA,NA,7,NA
"4025","广州忻州","MU2487","738","广州","忻州",NA,NA,NA,"执行日期0410-1029执行 待航路走向批复后执行",7,NA
"4026","广州忻州","CZ6641/2","E90","广州","忻州","广州",NA,NA,NA,1,NA
"4027","广州忻州","CZ6641/2","738","广州","忻州","广州",NA,NA,NA,3,NA
"4220","贵阳海拉尔","AQ1065","73G","贵阳","海拉尔",NA,NA,NA,NA,4,NA
"4252","贵阳揭阳","CZ3858","738","贵阳","揭阳",NA,NA,NA,"与MF1654代码共享",1,NA
"4253","贵阳揭阳","CZ3858","738","贵阳","揭阳",NA,NA,NA,"与MF1654代码共享",6,NA
"4254","贵阳揭阳","GS6473","E90","贵阳","揭阳",NA,NA,NA,"或320/EM4执行",4,NA
"4321","贵阳南通","GY7119","E90","贵阳","南通",NA,NA,NA,NA,4,NA
"4325","贵阳黔南州","G52869","CR9","贵阳","黔南州","海口",NA,NA,NA,3,NA
"4416","贵阳万县","GY7109","E90","贵阳","万县","南京",NA,NA,"待航路走向批复后执行",3,NA
"4417","贵阳万县","GY7121","E90","贵阳","万县","天津",NA,NA,NA,7,NA
"4463","贵阳盐城","GY7123","E90","贵阳","盐城","烟台",NA,NA,NA,4,NA
"4577","桂林揭阳","CZ8431/2","738","桂林","揭阳",NA,NA,NA,NA,2,NA
"4578","桂林揭阳","GT1017/8","319","桂林","揭阳","桂林",NA,NA,NA,2,NA
"4679","桂林西双版纳","GJ8851","320","桂林","西双版纳",NA,NA,NA,"待航线走向批复后执行",4,NA
"4680","桂林锡林浩特","GT1019/20","319","桂林","锡林浩特",NA,NA,NA,NA,4,NA
"4681","桂林锡林浩特","GT1019/20","319","桂林","锡林浩特",NA,NA,NA,NA,4,NA
"4682","桂林忻州","JD5313","319","桂林","忻州",NA,NA,NA,"或320/321/330执行待航线走向批复后执行",4,NA
"4686","桂林扬州","GT1011/2","319","桂林","扬州","桂林",NA,NA,NA,5,NA
"4696","桂林张家口","GT1027/8","319","桂林","张家口",NA,NA,NA,NA,7,NA
"4697","桂林张家口","GT1027/8","319","桂林","张家口",NA,NA,NA,NA,7,NA
"4724","哈尔滨北戴河","DR6542","73G","哈尔滨","北戴河","成都",NA,NA,"或738执行待航路走向批复后执行。",4,NA
"4844","哈尔滨海拉尔","DZ6253","738","哈尔滨","海拉尔",NA,NA,NA,NA,7,NA
"4845","哈尔滨海拉尔","GS6602","E90","哈尔滨","海拉尔","呼和浩特",NA,NA,"或320/EM4执行",7,NA
"4846","哈尔滨海拉尔","ZH9311/2","737","哈尔滨","海拉尔","哈尔滨",NA,NA,NA,7,NA
"4847","哈尔滨海拉尔","FU6571/2","738","哈尔滨","海拉尔","哈尔滨",NA,NA,NA,7,NA
"4919","哈尔滨揭阳","3U8207","320","哈尔滨","揭阳",NA,NA,NA,"或330/321/319执行",2,NA
"4920","哈尔滨揭阳","3U8207","320","哈尔滨","揭阳",NA,NA,NA,"或330/321/319执行",5,NA
"4946","哈尔滨绵阳","3U8583","320","哈尔滨","绵阳",NA,NA,NA,"或319执行。",3,NA
"5100","哈尔滨台州","FU6605/6","737","哈尔滨","台州",NA,NA,NA,NA,4,NA
"5101","哈尔滨台州","FU6605/6","737","哈尔滨","台州","海口","台州","哈尔滨",NA,4,NA
"5173","哈尔滨锡林浩特","G52720","CR9","哈尔滨","锡林浩特","呼和浩特",NA,NA,NA,3,NA
"5238","哈密石河子","CA1299","738","哈密","石河子",NA,NA,NA,NA,3,NA
"5341","海口海拉尔","SC8871","738","海口","海拉尔",NA,NA,NA,"或737执行；与CA8871代码共享",7,NA
"5377","海口揭阳","CZ6388","738","海口","揭阳",NA,NA,NA,"与MF4014代码共享",3,NA
"5378","海口揭阳","CZ6388","738","海口","揭阳",NA,NA,NA,"与MF4014代码共享  执行日期0410-1029执行",2,NA
"5379","海口揭阳","CZ6388","738","海口","揭阳",NA,NA,NA,"与MF4014代码共享 执行日期0410-1029执行",1,NA
"5380","海口揭阳","GS6543","E90","海口","揭阳",NA,NA,NA,"或320/EM4执行",7,NA
"5381","海口揭阳","GS6561","E90","海口","揭阳",NA,NA,NA,"或320/EM4执行",4,NA
"5382","海口揭阳","GS6545","E90","海口","揭阳","义乌",NA,NA,"或320/EM4执行",4,NA
"5383","海口揭阳","GS6549","E90","海口","揭阳","南京",NA,NA,"或320/EM4执行",4,NA
"5384","海口揭阳","CZ6388","738","海口","揭阳",NA,NA,NA,"与MF4014代码共享",1,NA
"5441","海口黔南州","G52870","CR9","海口","黔南州","贵阳",NA,NA,NA,3,NA
"5514","海口万县","JD5785","319","海口","万县",NA,NA,NA,"或320/321/330执行",2,NA
"5515","海口万县","JD5785","319","海口","万县",NA,NA,NA,"或320/321/330执行",1,NA
"5547","海口忻州","JD5313","319","海口","忻州",NA,NA,NA,"或320/321/330执行待航线走向批复后执行",4,NA
"5632","海拉尔北京南苑","KN2288","738","海拉尔","北京南苑",NA,NA,NA,"待航线走向批复后执行",4,NA
"5633","海拉尔北京南苑","KN5870","738","海拉尔","北京南苑","佛山",NA,NA,"待航线走向批复后执行",3,NA
"5634","海拉尔北京南苑","KN2288","738","海拉尔","北京南苑",NA,NA,NA,"待航线走向批复后执行",3,NA
"5635","海拉尔北京南苑","KN2290","738","海拉尔","北京南苑",NA,NA,NA,"待航线走向批复后执行",7,NA
"5636","海拉尔北京南苑","KN2298","738","海拉尔","北京南苑",NA,NA,NA,"待航线走向批复后执行",7,NA
"5637","海拉尔北京首都","CA1126","738","海拉尔","北京首都",NA,NA,NA,"执行日期0701-0930执行",7,NA
"5638","海拉尔北京首都","CA1132","738","海拉尔","北京首都",NA,NA,NA,NA,7,NA
"5639","海拉尔北京首都","CA1142","738","海拉尔","北京首都",NA,NA,NA,"执行日期0701-0930执行",1,NA
"5640","海拉尔北京首都","CA1142","738","海拉尔","北京首都",NA,NA,NA,"执行日期0701-0930执行",1,NA
"5641","海拉尔北京首都","CA1142","738","海拉尔","北京首都",NA,NA,NA,"执行日期0701-0930执行",3,NA
"5642","海拉尔北京首都","CN7102","738","海拉尔","北京首都",NA,NA,NA,"与HU7102代号共享",7,NA
"5643","海拉尔北京首都","JD5626","319","海拉尔","北京首都",NA,NA,NA,"或320/321/330执行",2,NA
"5644","海拉尔北京首都","CA1130","738","海拉尔","北京首都",NA,NA,NA,"执行日期0701-0930执行",7,NA
"5645","海拉尔北京首都","MF8282","737","海拉尔","北京首都",NA,NA,NA,NA,7,NA
"5646","海拉尔北京首都","MU2864","320","海拉尔","北京首都",NA,NA,NA,NA,7,NA
"5647","海拉尔成都","EU2250","319","海拉尔","成都",NA,NA,NA,"或A320执行。",7,NA
"5648","海拉尔成都","EU2250","319","海拉尔","成都",NA,NA,NA,"或A320执行。",4,NA
"5649","海拉尔赤峰","GS7916","E90","海拉尔","赤峰","天津",NA,NA,"或320/EM4执行 待航路走向批复后执行",3,NA
"5650","海拉尔赤峰","GS7916","EMB","海拉尔","赤峰","天津",NA,NA,"或320/E90执行 待航路走向批复后执行",1,NA
"5651","海拉尔赤峰","GS7916","EMB","海拉尔","赤峰","天津",NA,NA,"或320/E90执行 待航路走向批复后执行",3,NA
"5652","海拉尔大连","MU2792","320","海拉尔","大连","南京",NA,NA,"执行日期0701-1029执行 待航路走向批复后执行",7,NA
"5653","海拉尔大庆","CZ6422","319","海拉尔","大庆",NA,NA,NA,"或321/320执行 与MF4046 G55111代码共享 待航路走向批复后执行",2,NA
"5654","海拉尔佛山","KN5870","738","海拉尔","佛山",NA,NA,NA,"待航线走向批复后执行",3,NA
"5655","海拉尔福州","FU6650","738","海拉尔","福州",NA,NA,NA,"或E190执飞 执行日期0626-0910执行 待航路走向批复后执行",7,NA
"5656","海拉尔福州","MF8290","738","海拉尔","福州",NA,NA,NA,"或B73G/752执行 执行日期6.1-10.29执行 与CZ5480/NS8290代码共享",7,NA
"5657","海拉尔广州","AQ1031/2","738","海拉尔","广州",NA,NA,NA,NA,7,NA
"5658","海拉尔贵阳","AQ1066","73G","海拉尔","贵阳",NA,NA,NA,NA,4,NA
"5659","海拉尔哈尔滨","DZ6254","738","海拉尔","哈尔滨","深圳",NA,NA,NA,7,NA
"5660","海拉尔哈尔滨","GS6601","E90","海拉尔","哈尔滨",NA,NA,NA,"或320/EM4执行",7,NA
"5661","海拉尔哈尔滨","FU6571/2","738","海拉尔","哈尔滨",NA,NA,NA,NA,7,NA
"5662","海拉尔哈尔滨","ZH9311/2","737","海拉尔","哈尔滨",NA,NA,NA,NA,7,NA
"5663","海拉尔海口","SC8872","738","海拉尔","海口",NA,NA,NA,"或737执行；与CA8872代码共享",7,NA
"5664","海拉尔杭州","CA1792","319","海拉尔","杭州",NA,NA,NA,"执行日期0601-1029执行",2,NA
"5665","海拉尔杭州","MF8180","738","海拉尔","杭州",NA,NA,NA,"或B73G/752执行 执行日期6.1-10.29执行 与CZ5450/NS8180代码共享",7,NA
"5666","海拉尔杭州","GJ8739/40","320","海拉尔","杭州",NA,NA,NA,NA,3,NA
"5667","海拉尔杭州","CA1792","319","海拉尔","杭州",NA,NA,NA,"执行日期0601-1029执行",2,NA
"5668","海拉尔杭州","CA1792","319","海拉尔","杭州",NA,NA,NA,"执行日期0601-1029执行",3,NA
"5669","海拉尔呼和浩特","GS6670","320","海拉尔","呼和浩特","济南",NA,NA,NA,7,NA
"5670","海拉尔呼和浩特","GS7656","320","海拉尔","呼和浩特","西安",NA,NA,"或333/332/E90执行",7,NA
"5671","海拉尔呼和浩特","SC1164","738","海拉尔","呼和浩特","济南",NA,NA,"或737执行与CA1164代码共享；执行日期0601-1029",7,NA
"5672","海拉尔呼和浩特","GS7606","E90","海拉尔","呼和浩特","西安",NA,NA,"或320/EM4执行",3,NA
"5673","海拉尔呼和浩特","NS3238","E90","海拉尔","呼和浩特","石家庄",NA,NA,"或738/73G执行;同MF7030代码共享 待航线走向批复后执行",2,NA
"5674","海拉尔呼和浩特","NS3238","E90","海拉尔","呼和浩特","石家庄",NA,NA,"或738/73G执行;同MF7030代码共享 待航线走向批复后执行",5,NA
"5675","海拉尔呼和浩特","FM9128","738","海拉尔","呼和浩特","上海虹桥",NA,NA,"或333/767/73G执行 执行日期0327-1029执行",7,NA
"5676","海拉尔呼和浩特","CA1133","738","海拉尔","呼和浩特",NA,NA,NA,NA,7,NA
"5677","海拉尔呼和浩特","MF8180","738","海拉尔","呼和浩特","杭州",NA,NA,"或B73G/752执行 执行日期6.1-10.29执行 与CZ5450/NS8180代码共享",7,NA
"5678","海拉尔呼和浩特","G52754","CR9","海拉尔","呼和浩特",NA,NA,NA,NA,7,NA
"5679","海拉尔呼和浩特","GS6602","E90","海拉尔","呼和浩特",NA,NA,NA,"或320/EM4执行",7,NA
"5680","海拉尔呼和浩特","SC8872","738","海拉尔","呼和浩特","海口",NA,NA,"或737执行；与CA8872代码共享",7,NA
"5681","海拉尔呼和浩特","DZ6228","738","海拉尔","呼和浩特","郑州",NA,NA,NA,1,NA
"5682","海拉尔呼和浩特","SC8856","738","海拉尔","呼和浩特","厦门",NA,NA,"或737执行；与CA8856代码共享；执行日期0601-1029",7,NA
"5683","海拉尔呼和浩特","DZ6228","738","海拉尔","呼和浩特","郑州",NA,NA,NA,1,NA
"5684","海拉尔呼和浩特","DZ6228","738","海拉尔","呼和浩特","郑州",NA,NA,NA,1,NA
"5685","海拉尔呼和浩特","DZ6228","738","海拉尔","呼和浩特","郑州",NA,NA,NA,4,NA
"5686","海拉尔呼和浩特","MF8738","738","海拉尔","呼和浩特",NA,NA,NA,"或B73G/752执行 执行日期6.1-10.29执行 与CZ5558/NS8738代码共享",7,NA
"5687","海拉尔济南","MF8292","738","海拉尔","济南","长沙",NA,NA,"或B73G/752执行 执行日期6.1-10.29执行 与CZ5204/NS8292代码共享",7,NA
"5688","海拉尔济南","SC1160","738","海拉尔","济南",NA,NA,NA,"或737执行与CA1160代码共享；执行日期0601-1029",7,NA
"5689","海拉尔济南","GS6670","320","海拉尔","济南",NA,NA,NA,NA,7,NA
"5690","海拉尔济南","SC1164","738","海拉尔","济南",NA,NA,NA,"或737执行与CA1164代码共享；执行日期0601-1029",7,NA
"5691","海拉尔加格达奇","G52753","CR9","海拉尔","加格达奇",NA,NA,NA,NA,7,NA
"5692","海拉尔南京","AQ1037","738","海拉尔","南京",NA,NA,NA,NA,3,NA
"5693","海拉尔南京","MU2792","320","海拉尔","南京",NA,NA,NA,"执行日期0701-1029执行 待航路走向批复后执行",7,NA
"5694","海拉尔青岛","SC4610","738","海拉尔","青岛",NA,NA,NA,"或737执行;与CA4610代码共享；执行日期0601-1029",7,NA
"5695","海拉尔泉州","MF8736","738","海拉尔","泉州",NA,NA,NA,"或B73G/752执行 执行日期6.1-10.29执行 与CZ5556/NS8736代码共享 待航路走向批复后执行",7,NA
"5696","海拉尔厦门","MF8734","738","海拉尔","厦门",NA,NA,NA,"或B73G/752执行 执行日期6.1-10.29执行 与CZ5554/NS8734代码共享 待航路走向批复后执行",7,NA
"5697","海拉尔厦门","SC8856","738","海拉尔","厦门",NA,NA,NA,"或737执行；与CA8856代码共享；执行日期0601-1029",7,NA
"5698","海拉尔上海虹桥","FM9128","738","海拉尔","上海虹桥",NA,NA,NA,"或333/767/73G执行 执行日期0327-1029执行",7,NA
"5699","海拉尔上海浦东","HO1029/30","320","海拉尔","上海浦东",NA,NA,NA,NA,7,NA
"5700","海拉尔上海浦东","HO1039/40","320","海拉尔","上海浦东",NA,NA,NA,NA,7,NA
"5701","海拉尔上海浦东","HO1238","320","海拉尔","上海浦东",NA,NA,NA,"与MU4050代码共享",2,NA
"5702","海拉尔深圳","DZ6254","738","海拉尔","深圳",NA,NA,NA,NA,7,NA
"5703","海拉尔沈阳","GS7904","EMB","海拉尔","沈阳","天津",NA,NA,"或320/E90执行",3,NA
"5704","海拉尔沈阳","SC4683","738","海拉尔","沈阳",NA,NA,NA,"或737执行；与CA4683代码共享或737执行;执行日期0601-1029",4,NA
"5705","海拉尔沈阳","ZH9309/10","737","海拉尔","沈阳",NA,NA,NA,NA,7,NA
"5706","海拉尔石家庄","NS3238","E90","海拉尔","石家庄",NA,NA,NA,"或738/73G执行;同MF7030代码共享 待航线走向批复后执行",2,NA
"5707","海拉尔石家庄","NS3238","E90","海拉尔","石家庄",NA,NA,NA,"或738/73G执行;同MF7030代码共享 待航线走向批复后执行",5,NA
"5708","海拉尔太原","HU7220","738","海拉尔","太原",NA,NA,NA,"执行日期0701-0831执行",7,NA
"5709","海拉尔天津","GS7916","E90","海拉尔","天津",NA,NA,NA,"或320/EM4执行 待航路走向批复后执行",3,NA
"5710","海拉尔天津","GS7916","EMB","海拉尔","天津",NA,NA,NA,"或320/E90执行 待航路走向批复后执行",1,NA
"5711","海拉尔天津","MF8290","738","海拉尔","天津","福州",NA,NA,"或B73G/752执行 执行日期6.1-10.29执行 与CZ5480/NS8290代码共享",7,NA
"5712","海拉尔天津","EU2250","319","海拉尔","天津","成都",NA,NA,"或A320执行。",4,NA
"5713","海拉尔天津","GS7904","EMB","海拉尔","天津",NA,NA,NA,"或320/E90执行",3,NA
"5714","海拉尔天津","EU2250","319","海拉尔","天津","成都",NA,NA,"或A320执行。",7,NA
"5715","海拉尔天津","GS7916","EMB","海拉尔","天津",NA,NA,NA,"或320/E90执行 待航路走向批复后执行",3,NA
"5716","海拉尔天津","GS7918","320","海拉尔","天津",NA,NA,NA,"或333/332/E90执行 执行日期0701-1029执行",6,NA
"5717","海拉尔通辽","HO1238","320","海拉尔","通辽","上海浦东",NA,NA,"与MU4050代码共享",2,NA
"5718","海拉尔乌兰浩特","KN2288","738","海拉尔","乌兰浩特","北京南苑",NA,NA,"待航线走向批复后执行",4,NA
"5719","海拉尔乌兰浩特","KN2288","738","海拉尔","乌兰浩特","北京南苑",NA,NA,"待航线走向批复后执行",3,NA
"5720","海拉尔无锡","MU7847/8","320","海拉尔","无锡",NA,NA,NA,NA,3,NA
"5721","海拉尔西安","GS7656","320","海拉尔","西安",NA,NA,NA,"或333/332/E90执行",7,NA
"5722","海拉尔西安","GS7606","E90","海拉尔","西安",NA,NA,NA,"或320/EM4执行",3,NA
"5723","海拉尔烟台","SC8870","738","海拉尔","烟台",NA,NA,NA,"或737执行；与CA8870代码共享；执行日期0601-1029",7,NA
"5724","海拉尔烟台","FU6650","738","海拉尔","烟台","福州",NA,NA,"或E190执飞 执行日期0626-0910执行 待航路走向批复后执行",7,NA
"5725","海拉尔长春","SC4610","738","海拉尔","长春","青岛",NA,NA,"或737执行;与CA4610代码共享；执行日期0601-1029",7,NA
"5726","海拉尔长春","SC4843","738","海拉尔","长春",NA,NA,NA,NA,7,NA
"5727","海拉尔长沙","MF8292","738","海拉尔","长沙",NA,NA,NA,"或B73G/752执行 执行日期6.1-10.29执行 与CZ5204/NS8292代码共享",7,NA
"5728","海拉尔长沙","CZ8409/10","320","海拉尔","长沙",NA,NA,NA,NA,3,NA
"5729","海拉尔郑州","DZ6228","738","海拉尔","郑州",NA,NA,NA,NA,1,NA
"5730","海拉尔郑州","DZ6228","738","海拉尔","郑州",NA,NA,NA,NA,4,NA
"5731","海拉尔郑州","DZ6228","738","海拉尔","郑州",NA,NA,NA,NA,1,NA
"5732","海拉尔郑州","DZ6228","738","海拉尔","郑州",NA,NA,NA,NA,1,NA
"5733","海拉尔郑州","CZ8600","737","海拉尔","郑州",NA,NA,NA,NA,5,NA
"5754","汉中重庆","G52788","CR9","汉中","重庆",NA,NA,NA,NA,3,NA
"5755","汉中重庆","G52788","CR9","汉中","重庆",NA,NA,NA,NA,3,NA
"5846","杭州甘孜","3U8165","319","杭州","甘孜",NA,NA,NA,"或330/321/320执行 待航路走向批复后执行",2,NA
"5941","杭州海拉尔","MF8179","738","杭州","海拉尔",NA,NA,NA,"或B73G/752执行 执行日期6.1-10.29执行 与CZ5449/NS8179代码共享",7,NA
"5942","杭州海拉尔","GJ8739/40","320","杭州","海拉尔","杭州",NA,NA,NA,3,NA
"5943","杭州海拉尔","CA1791","319","杭州","海拉尔",NA,NA,NA,"执行日期0601-1029执行",7,NA
"5969","杭州揭阳","CZ6418","738","杭州","揭阳",NA,NA,NA,NA,7,NA
"5970","杭州揭阳","GS7853","E90","杭州","揭阳",NA,NA,NA,"或333/332/320执行",7,NA
"5971","杭州揭阳","MU5537","320","杭州","揭阳",NA,NA,NA,"执行日期0327-1029执行",3,NA
"5974","杭州九寨","3U8405","319","杭州","九寨",NA,NA,NA,NA,7,NA
"5975","杭州九寨","3U8558","319","杭州","九寨",NA,NA,NA,"或330/321/320执行",7,NA
"6130","杭州十堰","GJ8859","320","杭州","十堰","西安",NA,NA,"待航线走向批复后执行",7,NA
"6207","杭州梧州","G52874","CR9","杭州","梧州","重庆",NA,NA,NA,3,NA
"6360","合肥北海","NS3249","E90","合肥","北海",NA,NA,NA,"或738/73G执行",4,NA
"6361","合肥北海","NS3249","E90","合肥","北海",NA,NA,NA,"或738/73G执行",7,NA
"6549","和田天津","GS7840","320","和田","天津",NA,NA,NA,NA,7,NA
"6678","呼和浩特海拉尔","SC8871","738","呼和浩特","海拉尔",NA,NA,NA,"或737执行；与CA8871代码共享",7,NA
"6679","呼和浩特海拉尔","DZ6227","738","呼和浩特","海拉尔",NA,NA,NA,NA,7,NA
"6680","呼和浩特海拉尔","GS6669","320","呼和浩特","海拉尔",NA,NA,NA,NA,7,NA
"6681","呼和浩特海拉尔","G52753","CR9","呼和浩特","海拉尔","加格达奇",NA,NA,NA,7,NA
"6682","呼和浩特海拉尔","GS7655","320","呼和浩特","海拉尔",NA,NA,NA,"或333/332/E90执行",7,NA
"6683","呼和浩特海拉尔","GS6601","E90","呼和浩特","海拉尔","哈尔滨",NA,NA,"或320/EM4执行",7,NA
"6684","呼和浩特海拉尔","MF8179","738","呼和浩特","海拉尔",NA,NA,NA,"或B73G/752执行 执行日期6.1-10.29执行 与CZ5449/NS8179代码共享",7,NA
"6685","呼和浩特海拉尔","QW9819/20","320","呼和浩特","海拉尔",NA,NA,NA,NA,7,NA
"6686","呼和浩特海拉尔","QW9819/20","320","呼和浩特","海拉尔",NA,NA,NA,NA,7,NA
"6687","呼和浩特海拉尔","NS3237","E90","呼和浩特","海拉尔",NA,NA,NA,"或738/73G执行;同MF7029代码共享 待航线走向批复后执行",5,NA
"6688","呼和浩特海拉尔","FM9127","738","呼和浩特","海拉尔",NA,NA,NA,"或333/767/73G执行 执行日期0327-1029执行",7,NA
"6689","呼和浩特海拉尔","ZH9321/2","737","呼和浩特","海拉尔",NA,NA,NA,NA,7,NA
"6690","呼和浩特海拉尔","NS3237","E90","呼和浩特","海拉尔",NA,NA,NA,"或738/73G执行;同MF7029代码共享 待航线走向批复后执行",2,NA
"6691","呼和浩特海拉尔","GS7605","E90","呼和浩特","海拉尔",NA,NA,NA,"或320/EM4执行",3,NA
"6692","呼和浩特海拉尔","MF8737","738","呼和浩特","海拉尔",NA,NA,NA,"或B73G/752执行 执行日期6.1-10.29执行 与CZ5557/NS8737代码共享",7,NA
"6693","呼和浩特海拉尔","CA1134","738","呼和浩特","海拉尔",NA,NA,NA,NA,7,NA
"6694","呼和浩特海拉尔","SC1163","738","呼和浩特","海拉尔",NA,NA,NA,"或737执行与CA1163代码共享；执行日期0601-1029",7,NA
"6695","呼和浩特海拉尔","SC8855","738","呼和浩特","海拉尔",NA,NA,NA,"或737执行；与CA8855代码共享；执行日期0601-1029",7,NA
"6696","呼和浩特海拉尔","CZ8423/4","738","呼和浩特","海拉尔",NA,NA,NA,NA,3,NA
"6697","呼和浩特海拉尔","CZ8423/4","738","呼和浩特","海拉尔",NA,NA,NA,NA,3,NA
"6698","呼和浩特海拉尔","ZH9321/2","737","呼和浩特","海拉尔",NA,NA,NA,NA,7,NA
"6772","呼和浩特泉州","ZH9204","320","呼和浩特","泉州",NA,NA,NA,"或739/738/319执行",7,NA
"7072","济南海拉尔","SC1159","738","济南","海拉尔",NA,NA,NA,"或737执行与CA1159代码共享；执行日期0601-1029",7,NA
"7073","济南海拉尔","MF8291","738","济南","海拉尔",NA,NA,NA,"或B73G/752执行 执行日期6.1-10.29执行 与CZ5203/NS8291代码共享",7,NA
"7074","济南海拉尔","GS6669","320","济南","海拉尔",NA,NA,NA,NA,7,NA
"7075","济南海拉尔","SC1163","738","济南","海拉尔",NA,NA,NA,"或737执行与CA1163代码共享；执行日期0601-1029",7,NA
"7089","济南揭阳","3U8207","320","济南","揭阳",NA,NA,NA,"或330/321/319执行",2,NA
"7090","济南揭阳","3U8207","320","济南","揭阳",NA,NA,NA,"或330/321/319执行",5,NA
"7207","济南锡林浩特","GT1019/20","319","济南","锡林浩特",NA,NA,NA,NA,4,NA
"7208","济南锡林浩特","GT1019/20","319","济南","锡林浩特",NA,NA,NA,NA,4,NA
"7264","济宁长沙","GX8832","E90","济宁","长沙","南宁",NA,NA,"或A320执行；与GS8832/HU8832代码共享；执行日期0327-1029执行；待航路走向批复后执行",4,NA
"7269","加格达奇海拉尔","G52754","CR9","加格达奇","海拉尔","呼和浩特",NA,NA,NA,7,NA
"7310","揭阳北京首都","CA1850","319","揭阳","北京首都",NA,NA,NA,NA,7,NA
"7311","揭阳北京首都","CZ3861","738","揭阳","北京首都",NA,NA,NA,"与MF1657 MU3462代码共享",7,NA
"7312","揭阳北京首都","CZ6571","738","揭阳","北京首都",NA,NA,NA,"与MF4177 MU4417代码共享",7,NA
"7313","揭阳北京首都","CA1348","738","揭阳","北京首都",NA,NA,NA,NA,7,NA
"7314","揭阳成都","CA4374","319","揭阳","成都",NA,NA,NA,NA,7,NA
"7315","揭阳成都","CZ3865","738","揭阳","成都",NA,NA,NA,"与MF1661代码共享",7,NA
"7316","揭阳大连","CZ6769","738","揭阳","大连",NA,NA,NA,"与MF4313代码共享",3,NA
"7317","揭阳广州","CZ3893","738","揭阳","广州",NA,NA,NA,"与MF1687 MU3484代码共享",7,NA
"7318","揭阳广州","CZ3927","738","揭阳","广州",NA,NA,NA,"与MF1719 MU3502代码共享",7,NA
"7319","揭阳广州","CZ6644/3","319","揭阳","广州","揭阳",NA,NA,NA,4,NA
"7320","揭阳广州","CZ3895","738","揭阳","广州",NA,NA,NA,"与MF1689 MU3486代码共享",7,NA
"7321","揭阳广州","CZ3891","738","揭阳","广州",NA,NA,NA,"与MF1685 MU3482代码共享",7,NA
"7322","揭阳贵阳","CZ3857","738","揭阳","贵阳","昆明",NA,NA,"与MF1653代码共享",6,NA
"7323","揭阳贵阳","CZ3857","738","揭阳","贵阳","昆明",NA,NA,"与MF1653代码共享",1,NA
"7324","揭阳贵阳","GS6474","E90","揭阳","贵阳",NA,NA,NA,"或320/EM4执行",4,NA
"7325","揭阳桂林","CZ8431/2","738","揭阳","桂林","揭阳",NA,NA,NA,2,NA
"7326","揭阳桂林","GT1017/8","319","揭阳","桂林",NA,NA,NA,NA,2,NA
"7327","揭阳哈尔滨","3U8208","320","揭阳","哈尔滨",NA,NA,NA,"或330/321/319执行",2,NA
"7328","揭阳哈尔滨","3U8208","320","揭阳","哈尔滨",NA,NA,NA,"或330/321/319执行",5,NA
"7329","揭阳海口","CZ6387","738","揭阳","海口",NA,NA,NA,"与MF4013代码共享",1,NA
"7330","揭阳海口","CZ6387","738","揭阳","海口",NA,NA,NA,"与MF4013代码共享  执行日期0410-1029执行",2,NA
"7331","揭阳海口","GS6546","E90","揭阳","海口",NA,NA,NA,"或320/EM4执行",4,NA
"7332","揭阳海口","GS6550","E90","揭阳","海口",NA,NA,NA,"或320/EM4执行",4,NA
"7333","揭阳海口","GS6562","E90","揭阳","海口",NA,NA,NA,"或320/EM4执行",4,NA
"7334","揭阳海口","GS6544","E90","揭阳","海口",NA,NA,NA,"或320/EM4执行",7,NA
"7335","揭阳海口","CZ6387","738","揭阳","海口",NA,NA,NA,"与MF4013代码共享",3,NA
"7336","揭阳海口","CZ6387","738","揭阳","海口",NA,NA,NA,"与MF4013代码共享  执行日期0410-1029执行",1,NA
"7337","揭阳杭州","CZ6417","738","揭阳","杭州",NA,NA,NA,NA,7,NA
"7338","揭阳杭州","GS7854","E90","揭阳","杭州","天津",NA,NA,"或333/332/320执行",2,NA
"7339","揭阳杭州","GS7854","E90","揭阳","杭州","天津",NA,NA,"或333/332/320执行",5,NA
"7340","揭阳杭州","MU5538","320","揭阳","杭州","青岛",NA,NA,"执行日期0327-1029执行",3,NA
"7341","揭阳济南","3U8208","320","揭阳","济南","哈尔滨",NA,NA,"或330/321/319执行",2,NA
"7342","揭阳济南","3U8208","320","揭阳","济南","哈尔滨",NA,NA,"或330/321/319执行",5,NA
"7345","揭阳昆明","MU5836","738","揭阳","昆明",NA,NA,NA,"执行日期0327-1029执行 或73G执行",3,NA
"7346","揭阳昆明","MU5836","738","揭阳","昆明",NA,NA,NA,"执行日期0327-1029执行 或73G执行",1,NA
"7347","揭阳昆明","CZ3857","738","揭阳","昆明",NA,NA,NA,"与MF1653代码共享",1,NA
"7348","揭阳昆明","MU5836","738","揭阳","昆明",NA,NA,NA,"执行日期0327-1029执行 或73G执行",3,NA
"7349","揭阳昆明","CZ3863","738","揭阳","昆明",NA,NA,NA,"与MF1659代码共享",1,NA
"7350","揭阳昆明","CZ3857","738","揭阳","昆明",NA,NA,NA,"与MF1653代码共享",6,NA
"7351","揭阳昆明","CZ3863","738","揭阳","昆明",NA,NA,NA,"与MF1659代码共享",6,NA
"7352","揭阳兰州","MU2400","320","揭阳","兰州",NA,NA,NA,"执行日期0327-1029执行",3,NA
"7353","揭阳柳州","GS6474","E90","揭阳","柳州","贵阳",NA,NA,"或320/EM4执行",4,NA
"7354","揭阳南昌","9C8682","320","揭阳","南昌","石家庄",NA,NA,NA,7,NA
"7355","揭阳南京","GS6549","E90","揭阳","南京",NA,NA,NA,"或320/EM4执行",4,NA
"7356","揭阳南京","CZ6769","738","揭阳","南京","大连",NA,NA,"与MF4313代码共享",3,NA
"7357","揭阳南京","CZ8502","319","揭阳","南京","沈阳",NA,NA,"或321/320执行 与MF4524代码共享",3,NA
"7358","揭阳南宁","CZ3863","738","揭阳","南宁","昆明",NA,NA,"与MF1659代码共享",1,NA
"7359","揭阳南宁","CZ3863","738","揭阳","南宁","昆明",NA,NA,"与MF1659代码共享",6,NA
"7360","揭阳宁波","SC8854","738","揭阳","宁波","青岛",NA,NA,"或737执行；与CA8854代码共享",7,NA
"7361","揭阳青岛","MU5538","320","揭阳","青岛",NA,NA,NA,"执行日期0327-1029执行",3,NA
"7362","揭阳青岛","MU5554","320","揭阳","青岛",NA,NA,NA,"执行日期0327-1029执行",1,NA
"7363","揭阳青岛","MU5554","320","揭阳","青岛",NA,NA,NA,"执行日期0327-1029执行",3,NA
"7364","揭阳青岛","SC8854","738","揭阳","青岛",NA,NA,NA,"或737执行；与CA8854代码共享",7,NA
"7365","揭阳上海虹桥","9C8958","320","揭阳","上海虹桥",NA,NA,NA,"执行日期0612-1029执行",1,NA
"7366","揭阳上海虹桥","9C8958","320","揭阳","上海虹桥",NA,NA,NA,NA,6,NA
"7367","揭阳上海虹桥","FM9298","738","揭阳","上海虹桥",NA,NA,NA,"或333/767/73G执行 执行日期0327-1029执行",7,NA
"7368","揭阳上海虹桥","CZ3853","738","揭阳","上海虹桥",NA,NA,NA,"与MF1651 MU3460代码共享",7,NA
"7369","揭阳上海虹桥","CZ3851","738","揭阳","上海虹桥",NA,NA,NA,"与MF1649 MU3458代码共享",7,NA
"7370","揭阳上海虹桥","FM9290","738","揭阳","上海虹桥",NA,NA,NA,"或333/767/73G执行 执行日期0327-1029执行",6,NA
"7371","揭阳上海虹桥","FM9290","738","揭阳","上海虹桥",NA,NA,NA,"或333/767/73G执行 执行日期0327-1029执行",1,NA
"7372","揭阳上海浦东","MU5206","319","揭阳","上海浦东",NA,NA,NA,"执行日期0327-1029执行 或320执行",7,NA
"7373","揭阳上海浦东","PN6233","319","揭阳","上海浦东",NA,NA,NA,"或320执行",7,NA
"7374","揭阳上海浦东","MU2248","320","揭阳","上海浦东","西宁",NA,NA,"执行日期0327-1029执行",7,NA
"7375","揭阳沈阳","9C8693/4","320","揭阳","沈阳",NA,NA,NA,NA,7,NA
"7376","揭阳沈阳","CZ6587","738","揭阳","沈阳",NA,NA,NA,"与MF4189代码共享",1,NA
"7377","揭阳沈阳","CZ8502","319","揭阳","沈阳",NA,NA,NA,"或321/320执行 与MF4524代码共享",3,NA
"7378","揭阳沈阳","CZ6587","738","揭阳","沈阳",NA,NA,NA,"与MF4189代码共享",2,NA
"7379","揭阳石家庄","9C8682","320","揭阳","石家庄",NA,NA,NA,NA,7,NA
"7380","揭阳天津","CZ6655","738","揭阳","天津",NA,NA,NA,"与MF4231代码共享 待航路走向批复后执行",3,NA
"7381","揭阳天津","GS7854","E90","揭阳","天津",NA,NA,NA,"或333/332/320执行",5,NA
"7382","揭阳天津","GS7854","E90","揭阳","天津",NA,NA,NA,"或333/332/320执行",2,NA
"7383","揭阳温州","MU5554","320","揭阳","温州","青岛",NA,NA,"执行日期0327-1029执行",1,NA
"7384","揭阳温州","MU5554","320","揭阳","温州","青岛",NA,NA,"执行日期0327-1029执行",3,NA
"7385","揭阳武汉","MU2458","738","揭阳","武汉",NA,NA,NA,"执行日期0410-1029执行",7,NA
"7386","揭阳武汉","MU2616","320","揭阳","武汉","银川",NA,NA,"执行日期0410-1029执行",3,NA
"7387","揭阳武汉","CZ3889","738","揭阳","武汉","西安",NA,NA,"与MF1683 MU4745代码共享",1,NA
"7388","揭阳武汉","CZ3889","738","揭阳","武汉","西安",NA,NA,"与MF1683 MU4745代码共享",5,NA
"7389","揭阳武汉","CZ3889","738","揭阳","武汉","西安",NA,NA,"与MF1683 MU4745代码共享",1,NA
"7390","揭阳武汉","CZ6628","738","揭阳","武汉","西安",NA,NA,"与MF4216 MU4816代码共享",4,NA
"7391","揭阳西安","CZ6628","738","揭阳","西安",NA,NA,NA,"与MF4216 MU4816代码共享",4,NA
"7392","揭阳西安","CZ3889","738","揭阳","西安",NA,NA,NA,"与MF1683 MU4745代码共享",5,NA
"7393","揭阳西安","CZ3889","738","揭阳","西安",NA,NA,NA,"与MF1683 MU4745代码共享",1,NA
"7394","揭阳西安","CZ3889","738","揭阳","西安",NA,NA,NA,"与MF1683 MU4745代码共享",1,NA
"7395","揭阳西宁","MU2248","320","揭阳","西宁",NA,NA,NA,"执行日期0327-1029执行",7,NA
"7396","揭阳义乌","CZ6397","738","揭阳","义乌",NA,NA,NA,"与MF4023代码共享",7,NA
"7397","揭阳义乌","DZ6244","738","揭阳","义乌","郑州",NA,NA,NA,7,NA
"7398","揭阳义乌","GS6545","E90","揭阳","义乌",NA,NA,NA,"或320/EM4执行",4,NA
"7399","揭阳义乌","CZ6587","738","揭阳","义乌","沈阳",NA,NA,"与MF4189代码共享",1,NA
"7400","揭阳义乌","CZ6587","738","揭阳","义乌","沈阳",NA,NA,"与MF4189代码共享",2,NA
"7401","揭阳义乌","CZ6655","738","揭阳","义乌","天津",NA,NA,"与MF4231代码共享 待航路走向批复后执行",3,NA
"7402","揭阳银川","MU2616","320","揭阳","银川",NA,NA,NA,"执行日期0410-1029执行",3,NA
"7403","揭阳湛江","GS6562","E90","揭阳","湛江","海口",NA,NA,"或320/EM4执行",4,NA
"7404","揭阳长沙","CZ3825","738","揭阳","长沙","重庆",NA,NA,"与MF1625 G55049 MU4741代码共享",1,NA
"7405","揭阳长沙","CZ3825","738","揭阳","长沙","重庆",NA,NA,"与MF1625 G55049 MU4741代码共享",6,NA
"7406","揭阳长沙","MU2400","320","揭阳","长沙","兰州",NA,NA,"执行日期0327-1029执行",3,NA
"7407","揭阳长沙","OQ2354","319","揭阳","长沙","重庆",NA,NA,"执行日期0327-1029执行 与CZ8154 G55196代码共享",7,NA
"7408","揭阳郑州","DZ6244","738","揭阳","郑州",NA,NA,NA,NA,7,NA
"7409","揭阳郑州","PN6326","319","揭阳","郑州",NA,NA,NA,"或320执行",7,NA
"7410","揭阳郑州","CZ6555","738","揭阳","郑州",NA,NA,NA,"与MF4161代码共享",4,NA
"7411","揭阳重庆","CZ3859","738","揭阳","重庆",NA,NA,NA,"与MF1655 G55053代码共享",7,NA
"7412","揭阳重庆","PN6306","319","揭阳","重庆",NA,NA,NA,"或320执行",7,NA
"7413","揭阳重庆","CZ3825","738","揭阳","重庆",NA,NA,NA,"与MF1625 G55049 MU4741代码共享",1,NA
"7414","揭阳重庆","3U8922","320","揭阳","重庆",NA,NA,NA,"或330/321/319执行",6,NA
"7415","揭阳重庆","OQ2354","319","揭阳","重庆",NA,NA,NA,"执行日期0327-1029执行 与CZ8154 G55196代码共享",7,NA
"7416","揭阳重庆","CZ3825","738","揭阳","重庆",NA,NA,NA,"与MF1625 G55049 MU4741代码共享",6,NA
"7417","揭阳舟山","MU5206","319","揭阳","舟山","上海浦东",NA,NA,"执行日期0327-1029执行 或320执行",7,NA
"7418","揭阳珠海","MU2457","738","揭阳","珠海",NA,NA,NA,"执行日期0410-1029执行",7,NA
"7419","揭阳珠海","FM9297","738","揭阳","珠海",NA,NA,NA,"或333/767/73G执行 执行日期0327-1029执行",7,NA
"7421","金昌成都","EU2274","319","金昌","成都",NA,NA,NA,"或A320执行。",3,NA
"7454","景德镇昆明","MU5547","320","景德镇","昆明",NA,NA,NA,NA,3,NA
"7459","九寨北京首都","CA4121","319","九寨","北京首都",NA,NA,NA,NA,7,NA
"7460","九寨成都","CA4482","319","九寨","成都",NA,NA,NA,NA,2,NA
"7461","九寨成都","HU7614","738","九寨","成都",NA,NA,NA,NA,7,NA
"7462","九寨成都","MU5864","73G","九寨","成都",NA,NA,NA,"执行日期0327-1029执行",7,NA
"7463","九寨成都","3U8606","319","九寨","成都",NA,NA,NA,"或330/321/320执行",3,NA
"7464","九寨成都","3U8160","319","九寨","成都",NA,NA,NA,NA,3,NA
"7465","九寨成都","3U8608","319","九寨","成都",NA,NA,NA,"或330/321/320执行",1,NA
"7466","九寨成都","3U8608","319","九寨","成都",NA,NA,NA,"或330/321/320执行",3,NA
"7467","九寨成都","3U8608","319","九寨","成都",NA,NA,NA,"或330/321/320执行",3,NA
"7468","九寨成都","CA4484","319","九寨","成都",NA,NA,NA,NA,7,NA
"7469","九寨成都","CA4488","319","九寨","成都",NA,NA,NA,NA,7,NA
"7470","九寨成都","EU2706","319","九寨","成都",NA,NA,NA,"或A320执行。",7,NA
"7471","九寨成都","MU5852","73G","九寨","成都",NA,NA,NA,"执行日期0327-1029执行",2,NA
"7472","九寨成都","3U8606","319","九寨","成都",NA,NA,NA,"或330/321/320执行",3,NA
"7473","九寨成都","MU5852","73G","九寨","成都",NA,NA,NA,"执行日期0327-1029执行",5,NA
"7474","九寨成都","8L9602","73G","九寨","成都",NA,NA,NA,"或738/319/320执行",7,NA
"7475","九寨成都","3U8606","319","九寨","成都",NA,NA,NA,"或330/321/320执行",1,NA
"7476","九寨广州","CA4393","319","九寨","广州",NA,NA,NA,NA,7,NA
"7477","九寨杭州","3U8406","319","九寨","杭州",NA,NA,NA,NA,7,NA
"7478","九寨杭州","3U8557","319","九寨","杭州",NA,NA,NA,"或330/321/320执行",7,NA
"7479","九寨石家庄","PN6269","319","九寨","石家庄",NA,NA,NA,"执行日期0501-1029",7,NA
"7480","九寨西安","MU2368","319","九寨","西安",NA,NA,NA,"执行日期0327-1029执行",7,NA
"7481","九寨西安","3U8636","319","九寨","西安",NA,NA,NA,"或330/321/320执行",7,NA
"7482","九寨西安","MU2384","319","九寨","西安",NA,NA,NA,"执行日期0327-1029执行",7,NA
"7483","九寨西安","3U8614","319","九寨","西安",NA,NA,NA,"或330/321/320执行",7,NA
"7484","九寨长沙","MU5752","737","九寨","长沙",NA,NA,NA,NA,7,NA
"7485","九寨郑州","PN6209","319","九寨","郑州",NA,NA,NA,"执行日期0501-1029",7,NA
"7486","九寨重庆","3U8026","319","九寨","重庆",NA,NA,NA,NA,2,NA
"7487","九寨重庆","3U8408","319","九寨","重庆",NA,NA,NA,NA,2,NA
"7488","九寨重庆","CA4332","737","九寨","重庆",NA,NA,NA,NA,7,NA
"7489","九寨重庆","CA4398","737","九寨","重庆",NA,NA,NA,NA,1,NA
"7490","九寨重庆","CA4526","737","九寨","重庆",NA,NA,NA,NA,7,NA
"7491","九寨重庆","CA4428","73G","九寨","重庆",NA,NA,NA,NA,4,NA
"7492","九寨重庆","3U8026","319","九寨","重庆",NA,NA,NA,NA,5,NA
"7493","九寨重庆","OQ2382","319","九寨","重庆",NA,NA,NA,"执行日期0327-1029执行 与CZ8182 G55204代码共享",5,NA
"7494","九寨重庆","OQ2383/4","319","九寨","重庆",NA,NA,NA,NA,7,NA
"7495","九寨重庆","PN6225/6","319","九寨","重庆",NA,NA,NA,NA,7,NA
"7496","九寨重庆","CA4398","737","九寨","重庆",NA,NA,NA,NA,6,NA
"7497","九寨重庆","OQ2382","319","九寨","重庆",NA,NA,NA,"执行日期0327-1029执行 与CZ8182 G55204代码共享",2,NA
"7498","九寨重庆","3U8130","319","九寨","重庆",NA,NA,NA,NA,2,NA
"7499","九寨重庆","3U8408","319","九寨","重庆",NA,NA,NA,NA,2,NA
"7509","喀什库车","CA4242","319","喀什","库车","成都",NA,NA,NA,3,NA
"7550","凯里郑州","8L9685","73G","凯里","郑州",NA,NA,NA,"或A319/A320执行。",7,NA
"7560","克拉玛依伊宁","CA1233","738","克拉玛依","伊宁",NA,NA,NA,"待航线走向批复后执行",1,NA
"7561","克拉玛依伊宁","CA1233","738","克拉玛依","伊宁",NA,NA,NA,"待航线走向批复后执行",6,NA
"7562","库车成都","CA4242","319","库车","成都",NA,NA,NA,NA,3,NA
"7563","库车喀什","CA4241","319","库车","喀什",NA,NA,NA,NA,3,NA
"7693","昆明池州","MU5328","320","昆明","池州","济南",NA,NA,NA,7,NA
"7759","昆明甘孜","3U8173","319","昆明","甘孜",NA,NA,NA,"待航路走向批复后执行",3,NA
"7881","昆明揭阳","CZ3858","738","昆明","揭阳",NA,NA,NA,"与MF1654代码共享",6,NA
"7882","昆明揭阳","CZ3858","738","昆明","揭阳",NA,NA,NA,"与MF1654代码共享",1,NA
"7883","昆明揭阳","MU5835","738","昆明","揭阳",NA,NA,NA,"执行日期0327-1029执行 或73G执行",7,NA
"7884","昆明揭阳","CZ3864","738","昆明","揭阳",NA,NA,NA,"与MF1660代码共享",6,NA
"7885","昆明揭阳","CZ3864","738","昆明","揭阳",NA,NA,NA,"与MF1660代码共享",1,NA
"7886","昆明景德镇","MU5548","320","昆明","景德镇","杭州",NA,NA,NA,3,NA
"8210","昆明万县","3U8837","320","昆明","万县","北京首都",NA,NA,"或330/321/319执行 待航路走向批复后执行",3,NA
"8211","昆明万县","3U8837","320","昆明","万县","北京首都",NA,NA,"或330/321/319执行 待航路走向批复后执行",1,NA
"8212","昆明万县","3U8837","320","昆明","万县","北京首都",NA,NA,"或330/321/319执行 待航路走向批复后执行",3,NA
"8493","拉萨甘孜","8L9628","73G","拉萨","甘孜","成都",NA,NA,"或738/319/320执行。待航路走向批复后执行。",7,NA
"8571","兰州毕节","GX8866","E90","兰州","毕节","海口",NA,NA,"或A320执行；与GS8866/HU8866代码共享；执行日期0327-1029执行；待航路走向批复后执行",3,NA
"8660","兰州揭阳","MU2399","320","兰州","揭阳",NA,NA,NA,"执行日期0327-1029执行",3,NA
"8842","兰州烟台","MU9619/20","320","兰州","烟台",NA,NA,NA,NA,3,NA
"8889","丽江包头","EU2239","319","丽江","包头",NA,NA,NA,"或A320执行",7,NA
"9069","连云港南宁","GX8854","E90","连云港","南宁",NA,NA,NA,"或A320执行；与GS8854/HU8854代码共享；执行日期0327-1029执行；待航路走向批复后执行",4,NA
"9099","临汾大连","GS6421/2","320","临汾","大连",NA,NA,NA,NA,4,NA
"9135","临沂长春","A67113","321","临沂","长春",NA,NA,NA,"或320执行。",7,NA
"9147","柳州揭阳","GS6473","E90","柳州","揭阳",NA,NA,NA,"或320/EM4执行",4,NA
"9182","六盘水重庆","G52618","CR9","六盘水","重庆",NA,NA,NA,NA,7,NA
"9183","六盘水重庆","G52898","CR9","六盘水","重庆",NA,NA,NA,"待航线走向批复后执行",4,NA
"9237","洛阳西宁","9C8725/6","320","洛阳","西宁",NA,NA,NA,NA,4,NA
"9238","洛阳西宁","9C8725/6","320","洛阳","西宁",NA,NA,NA,NA,4,NA
"9273","满洲里南昌","RY8937/8","738","满洲里","南昌",NA,NA,NA,NA,3,NA
"9301","绵阳哈尔滨","3U8584","320","绵阳","哈尔滨",NA,NA,NA,"或319执行。",3,NA
"9381","牡丹江乌鲁木齐","MU2799","320","牡丹江","乌鲁木齐","伊宁",NA,NA,"执行日期0701-1029执行 待航路走向批复后执行",5,NA
"9382","牡丹江乌鲁木齐","MU2799","320","牡丹江","乌鲁木齐","伊宁",NA,NA,"执行日期0701-1029执行 待航路走向批复后执行",2,NA
"9384","牡丹江伊宁","MU2799","320","牡丹江","伊宁",NA,NA,NA,"执行日期0701-1029执行 待航路走向批复后执行",2,NA
"9385","牡丹江伊宁","MU2799","320","牡丹江","伊宁",NA,NA,NA,"执行日期0701-1029执行 待航路走向批复后执行",5,NA
"9386","那拉提乌鲁木齐","CZ6898","E90","那拉提","乌鲁木齐",NA,NA,NA,"或73G执行 与MF4426 MU4632代码共享",4,NA
"9387","那拉提乌鲁木齐","GS7530","E90","那拉提","乌鲁木齐",NA,NA,NA,"或320/EM4执行",3,NA
"9388","那拉提乌鲁木齐","GS7530","E90","那拉提","乌鲁木齐",NA,NA,NA,"或320/EM4执行",4,NA
"9389","那拉提乌鲁木齐","CZ6898","E90","那拉提","乌鲁木齐",NA,NA,NA,"执行日期0501-1029执行 或73G执行 与MF4426 MU4632代码共享",2,NA
"9390","那拉提乌鲁木齐","CZ6898","E90","那拉提","乌鲁木齐",NA,NA,NA,"执行日期0501-1029执行 或73G执行 与MF4426 MU4632代码共享",1,NA
"9391","那拉提乌鲁木齐","CZ6891/2","EMB","那拉提","乌鲁木齐",NA,NA,NA,"执行日期7.1-9.30",7,NA
"9470","南昌揭阳","9C8681","320","南昌","揭阳",NA,NA,NA,NA,7,NA
"9487","南昌满洲里","RY8937/8","738","南昌","满洲里","南昌",NA,NA,NA,3,NA
"9613","南京毕节","HO1681/2","320","南京","毕节","昆明","毕节","南京",NA,4,NA
"9614","南京毕节","HO1681/2","320","南京","毕节",NA,NA,NA,NA,4,NA
"9726","南京海拉尔","AQ1038","738","南京","海拉尔",NA,NA,NA,NA,3,NA
"9727","南京海拉尔","MU2791","320","南京","海拉尔",NA,NA,NA,"执行日期0701-1029执行 待航路走向批复后执行",7,NA
"9734","南京揭阳","CZ6770","738","南京","揭阳",NA,NA,NA,"与MF4314代码共享",1,NA
"9735","南京揭阳","CZ6770","738","南京","揭阳",NA,NA,NA,"与MF4314代码共享",2,NA
"9736","南京揭阳","GS6550","E90","南京","揭阳","海口",NA,NA,"或320/EM4执行",4,NA
"9737","南京揭阳","CZ8501","319","南京","揭阳",NA,NA,NA,"或321/320执行 与MF4523代码共享",3,NA
"9903","南京万县","GY7110","E90","南京","万县","贵阳",NA,NA,"待航路走向批复后执行",3,NA
"9904","南京万县","G52664","CR9","南京","万县","重庆",NA,NA,NA,4,NA
"9949","南京张掖","MU7829/30","320","南京","张掖","南京",NA,NA,NA,3,NA
"9994","南宁安庆","GX8877","E90","南宁","安庆","大连",NA,NA,"或A320执行；与GS8877/HU8877代码共享；执行日期0701-1029执行；待航路走向批复后执行",7,NA
"10008","南宁毕节","GX8815","E90","南宁","毕节","西安",NA,NA,"或A320执行；与GS8815/HU8815代码共享；执行日期0327-1029执行；待航路走向批复后执行",3,NA
"10009","南宁常德","GX8803/4","320","南宁","常德",NA,NA,NA,NA,3,NA
"10010","南宁常德","GX8803/4","320","南宁","常德","沈阳","常德","南宁",NA,3,NA
"10062","南宁海拉尔","CZ8433/4","738","南宁","海拉尔",NA,NA,NA,NA,3,NA
"10063","南宁海拉尔","CZ8433/4","738","南宁","海拉尔",NA,NA,NA,NA,3,NA
"10082","南宁黄山","GX8813/4","320","南宁","黄山",NA,NA,NA,NA,3,NA
"10083","南宁黄山","GX8813/4","320","南宁","黄山","大连","黄山","南宁",NA,3,NA
"10089","南宁揭阳","CZ3864","738","南宁","揭阳",NA,NA,NA,"与MF1660代码共享",6,NA
"10090","南宁揭阳","CZ3864","738","南宁","揭阳",NA,NA,NA,"与MF1660代码共享",1,NA
"10106","南宁连云港","GX8853","E90","南宁","连云港","天津",NA,NA,"或A320执行；与GS8853/HU8853代码共享；执行日期0327-1029执行；待航路走向批复后执行",4,NA
"10128","南宁南阳","GX8851","E90","南宁","南阳","天津",NA,NA,"或A320执行；与GS8851/HU8851代码共享；执行日期0327-1029执行；待航路走向批复后执行",3,NA
"10226","南宁宜昌","GX8819","E90","南宁","宜昌","天津",NA,NA,"或A320执行；与GS8819/HU8819代码共享；执行日期0327-1029执行；待航路走向批复后执行",4,NA
"10265","南通贵阳","GY7120","E90","南通","贵阳",NA,NA,NA,NA,4,NA
"10302","南阳南宁","GX8852","E90","南阳","南宁",NA,NA,NA,"或A320执行；与GS8852/HU8852代码共享；执行日期0327-1029执行；待航路走向批复后执行",3,NA
"10366","宁波揭阳","SC8853","738","宁波","揭阳",NA,NA,NA,"或737执行；与CA8853代码共享",7,NA
"10512","黔南州广州","CZ3930","319","黔南州","广州",NA,NA,NA,"或321/320/738/73G/E90执行 与MF1722 MU3505代码共享",3,NA
"10513","黔南州贵阳","G52870","CR9","黔南州","贵阳",NA,NA,NA,NA,3,NA
"10514","黔南州海口","G52869","CR9","黔南州","海口",NA,NA,NA,NA,3,NA
"10515","黔南州长沙","BK2986","MA6","黔南州","长沙",NA,NA,NA,"待航路走向批复后执行",4,NA
"10525","青岛北戴河","NS3292","E90","青岛","北戴河","石家庄",NA,NA,"或73G/738执行",3,NA
"10555","青岛赤峰","MU9635/6","320","青岛","赤峰","青岛",NA,NA,NA,3,NA
"10582","青岛德宏","KY8330","73G","青岛","德宏",NA,NA,NA,"与ZH3198代码共享与CA5798代码共享。待航路走向批复后执行。",7,NA
"10643","青岛海拉尔","QW9853/4","320","青岛","海拉尔",NA,NA,NA,NA,7,NA
"10644","青岛海拉尔","QW9853/4","320","青岛","海拉尔",NA,NA,NA,NA,7,NA
"10645","青岛海拉尔","SC4609","738","青岛","海拉尔",NA,NA,NA,"或737执行;与CA4609代码共享；执行日期0601-1029",7,NA
"10681","青岛揭阳","SC8853","738","青岛","揭阳",NA,NA,NA,"或737执行；与CA8853代码共享",7,NA
"10682","青岛揭阳","MU5553","320","青岛","揭阳",NA,NA,NA,"执行日期0327-1029执行",1,NA
"10683","青岛揭阳","MU5553","320","青岛","揭阳",NA,NA,NA,"执行日期0327-1029执行",3,NA
"10684","青岛揭阳","MU5537","320","青岛","揭阳",NA,NA,NA,"执行日期0327-1029执行",3,NA
"10997","泉州海拉尔","MF8735","738","泉州","海拉尔",NA,NA,NA,"或B73G/752执行 执行日期6.1-10.29执行 与CZ5555/NS8735代码共享 待航路走向批复后执行",7,NA
"11002","泉州呼和浩特","ZH9203","320","泉州","呼和浩特",NA,NA,NA,"或739/738/319执行",7,NA
"11086","日照西安","GS7649/50","E90","日照","西安",NA,NA,NA,NA,4,NA
"11426","厦门池州","MF8569","73G","厦门","池州",NA,NA,NA,"或B738/752执行 与CZ5465/NS8569代码共享 待航路走向批复后执行",4,NA
"11427","厦门池州","MF8569","73G","厦门","池州",NA,NA,NA,"或B738/752执行 与CZ5465/NS8569代码共享 待航路走向批复后执行",3,NA
"11484","厦门海拉尔","MF8733","738","厦门","海拉尔",NA,NA,NA,"或B73G/752执行 执行日期6.1-10.29执行 与CZ5553/NS8733代码共享 待航路走向批复后执行",7,NA
"11485","厦门海拉尔","SC8855","738","厦门","海拉尔",NA,NA,NA,"或737执行；与CA8855代码共享；执行日期0601-1029",7,NA
"11730","厦门万县","MF8233","738","厦门","万县","西安",NA,NA,"或B73G/752执行 与CZ5157/NS8233代码共享",4,NA
"11941","上海虹桥池州","HO1269","320","上海虹桥","池州","成都",NA,NA,"待航线走向批复后执行",7,NA
"12012","上海虹桥海拉尔","FM9127","738","上海虹桥","海拉尔",NA,NA,NA,"或333/767/73G执行 执行日期0327-1029执行",7,NA
"12028","上海虹桥揭阳","CZ3854","738","上海虹桥","揭阳",NA,NA,NA,"与MF1652 MU3461代码共享",7,NA
"12029","上海虹桥揭阳","FM9289","738","上海虹桥","揭阳",NA,NA,NA,"或333/767/73G执行 执行日期0327-1029执行",7,NA
"12030","上海虹桥揭阳","9C8957","320","上海虹桥","揭阳",NA,NA,NA,"执行日期0612-1029执行",1,NA
"12031","上海虹桥揭阳","CZ3852","738","上海虹桥","揭阳",NA,NA,NA,"与MF1650 MU3459代码共享",7,NA
"12032","上海虹桥揭阳","FM9297","738","上海虹桥","揭阳","珠海",NA,NA,"或333/767/73G执行 执行日期0327-1029执行",7,NA
"12033","上海虹桥揭阳","9C8957","320","上海虹桥","揭阳",NA,NA,NA,NA,6,NA
"12038","上海虹桥克拉玛依","FM9567/8","737","上海虹桥","克拉玛依",NA,NA,NA,"或B738执行",4,NA
"12039","上海虹桥克拉玛依","FM9567/8","737","上海虹桥","克拉玛依",NA,NA,NA,"或B738执行",4,NA
"12040","上海虹桥克拉玛依","FM9567/8","737","上海虹桥","克拉玛依",NA,NA,NA,"或B738执行",2,NA
"12041","上海虹桥克拉玛依","FM9567/8","737","上海虹桥","克拉玛依",NA,NA,NA,"或B738执行",2,NA
"12309","上海虹桥永州","MU5808","738","上海虹桥","永州","昆明",NA,NA,"执行日期0327-1029执行 或73G执行 待航路走向批复后执行",4,NA
"12383","上海浦东北戴河","FM9141","73G","上海浦东","北戴河",NA,NA,NA,"或333/767/738执行 执行日期0327-1029执行",2,NA
"12384","上海浦东北戴河","FM9141","73G","上海浦东","北戴河",NA,NA,NA,"或333/767/738执行 执行日期0327-1029执行",4,NA
"12385","上海浦东北戴河","FM9141","73G","上海浦东","北戴河",NA,NA,NA,"或333/767/738执行 执行日期0327-1029执行",1,NA
"12563","上海浦东海拉尔","HO1237/8","320","上海浦东","海拉尔",NA,NA,NA,NA,2,NA
"12564","上海浦东海拉尔","HO1237","320","上海浦东","海拉尔",NA,NA,NA,"与MU4049代码共享",2,NA
"12565","上海浦东海拉尔","HO1237/8","320","上海浦东","海拉尔",NA,NA,NA,NA,2,NA
"12566","上海浦东海拉尔","HO1029/30","320","上海浦东","海拉尔","上海浦东",NA,NA,NA,7,NA
"12567","上海浦东海拉尔","HO1039/40","320","上海浦东","海拉尔","上海浦东",NA,NA,NA,7,NA
"12588","上海浦东揭阳","MU2247","320","上海浦东","揭阳",NA,NA,NA,"执行日期0327-1029执行",7,NA
"12589","上海浦东揭阳","PN6234","319","上海浦东","揭阳",NA,NA,NA,"或320执行",7,NA
"12590","上海浦东揭阳","MU5205","319","上海浦东","揭阳",NA,NA,NA,"执行日期0327-1029执行 或320执行",7,NA
"12813","上海浦东万县","FM9461","73G","上海浦东","万县",NA,NA,NA,"或333/767/738执行 执行日期0327-1029执行",3,NA
"12814","上海浦东万县","FM9461","73G","上海浦东","万县",NA,NA,NA,"或333/767/738执行 执行日期0327-1029执行",2,NA
"12983","深圳北戴河","CZ8527/8","733","深圳","北戴河",NA,NA,NA,NA,3,NA
"12984","深圳北戴河","CZ8527/8","733","深圳","北戴河",NA,NA,NA,NA,3,NA
"13057","深圳池州","ZH9731","319","深圳","池州",NA,NA,NA,"或739/738/320执行;同CA3837 KY9731代码共享",7,NA
"13143","深圳海拉尔","DZ6253","738","深圳","海拉尔",NA,NA,NA,NA,7,NA
"13144","深圳海拉尔","ZH9321/2","737","深圳","海拉尔",NA,NA,NA,NA,7,NA
"13145","深圳海拉尔","ZH9321/2","737","深圳","海拉尔",NA,NA,NA,NA,7,NA
"13146","深圳海拉尔","CZ8453/4","320","深圳","海拉尔",NA,NA,NA,NA,7,NA
"13147","深圳海拉尔","CZ8453/4","320","深圳","海拉尔",NA,NA,NA,NA,7,NA
"13466","深圳万县","ZH9769","320","深圳","万县",NA,NA,NA,"或739/738/319执行;同CA3511 KY9769代码共享",7,NA
"13467","深圳万县","3U8798","320","深圳","万县","成都",NA,NA,NA,2,NA
"13713","沈阳海拉尔","ZH9309/10","737","沈阳","海拉尔","沈阳",NA,NA,NA,7,NA
"13714","沈阳海拉尔","GS7903","EMB","沈阳","海拉尔",NA,NA,NA,"或320/E90执行",2,NA
"13715","沈阳海拉尔","GS7903","EMB","沈阳","海拉尔",NA,NA,NA,"或320/E90执行",1,NA
"13716","沈阳海拉尔","SC4684","738","沈阳","海拉尔",NA,NA,NA,"或737执行；与CA4684代码共享；执行日期0601-1029",4,NA
"13717","沈阳邯郸","9C8691/2","320","沈阳","邯郸","厦门","邯郸","沈阳",NA,7,NA
"13718","沈阳邯郸","9C8691/2","320","沈阳","邯郸",NA,NA,NA,NA,7,NA
"13764","沈阳揭阳","CZ6588","738","沈阳","揭阳",NA,NA,NA,"与MF4190代码共享",1,NA
"13765","沈阳揭阳","CZ6588","738","沈阳","揭阳",NA,NA,NA,"与MF4190代码共享",2,NA
"13766","沈阳揭阳","9C8693/4","320","沈阳","揭阳","沈阳",NA,NA,NA,7,NA
"13767","沈阳揭阳","CZ8501","319","沈阳","揭阳",NA,NA,NA,"或321/320执行 与MF4523代码共享",3,NA
"14010","十堰北京首都","CZ6727","738","十堰","北京首都",NA,NA,NA,NA,3,NA
"14011","十堰北京首都","CA1811/2","738","十堰","北京首都",NA,NA,NA,NA,4,NA
"14012","十堰北京首都","CZ6625","738","十堰","北京首都",NA,NA,NA,NA,3,NA
"14014","十堰杭州","GJ8860","320","十堰","杭州",NA,NA,NA,"待航线走向批复后执行",7,NA
"14032","石河子北京首都","CA1300","738","石河子","北京首都",NA,NA,NA,NA,3,NA
"14033","石河子哈密","CA1300","738","石河子","哈密","北京首都",NA,NA,NA,3,NA
"14041","石家庄北戴河","NS3291","E90","石家庄","北戴河","青岛",NA,NA,"或73G/738执行",3,NA
"14042","石家庄北戴河","NS3279","E90","石家庄","北戴河",NA,NA,NA,"或738/73G执行",4,NA
"14059","石家庄佛山","KN2365","738","石家庄","佛山",NA,NA,NA,"待航线走向批复后执行",7,NA
"14084","石家庄海拉尔","NS3237","E90","石家庄","海拉尔",NA,NA,NA,"或738/73G执行;同MF7029代码共享 待航线走向批复后执行",2,NA
"14085","石家庄海拉尔","NS3237","E90","石家庄","海拉尔",NA,NA,NA,"或738/73G执行;同MF7029代码共享 待航线走向批复后执行",5,NA
"14109","石家庄揭阳","9C8681","320","石家庄","揭阳",NA,NA,NA,NA,7,NA
"14110","石家庄九寨","PN6270","319","石家庄","九寨",NA,NA,NA,"执行日期0501-1029",7,NA
"14320","太原海拉尔","HU7219","738","太原","海拉尔",NA,NA,NA,"执行日期0701-0831执行",7,NA
"14321","太原海拉尔","CZ8433/4","738","太原","海拉尔",NA,NA,NA,NA,3,NA
"14322","太原海拉尔","CZ8433/4","738","太原","海拉尔",NA,NA,NA,NA,3,NA
"14513","腾冲西安","KY8311","73G","腾冲","西安",NA,NA,NA,"与ZH3151代码共享 与CA5751代码共享。",7,NA
"14577","天津固原","G52669","CR9","天津","固原","银川",NA,NA,NA,7,NA
"14650","天津海拉尔","QW9853/4","320","天津","海拉尔",NA,NA,NA,NA,7,NA
"14651","天津海拉尔","QW9853/4","320","天津","海拉尔",NA,NA,NA,NA,7,NA
"14652","天津海拉尔","GS7903","EMB","天津","海拉尔",NA,NA,NA,"或320/E90执行",2,NA
"14653","天津海拉尔","GS7915","E90","天津","海拉尔",NA,NA,NA,"或320/EM4执行 待航路走向批复后执行",3,NA
"14654","天津海拉尔","EU2249","319","天津","海拉尔",NA,NA,NA,"或A320执行。",7,NA
"14655","天津海拉尔","EU2249","319","天津","海拉尔",NA,NA,NA,"或A320执行。",4,NA
"14656","天津海拉尔","GS7917","320","天津","海拉尔",NA,NA,NA,"或333/332/E90执行 执行日期0701-1029执行",6,NA
"14657","天津海拉尔","GS7903","EMB","天津","海拉尔",NA,NA,NA,"或320/E90执行",1,NA
"14658","天津海拉尔","GS7915","EMB","天津","海拉尔",NA,NA,NA,"或320/E90执行 待航路走向批复后执行",4,NA
"14659","天津海拉尔","MF8289","738","天津","海拉尔",NA,NA,NA,"或B73G/752执行 执行日期6.1-10.29执行 与CZ5479/NS8289代码共享",7,NA
"14676","天津和田","GS7839","320","天津","和田",NA,NA,NA,NA,7,NA
"14689","天津揭阳","GS7853","E90","天津","揭阳",NA,NA,NA,"或333/332/320执行",7,NA
"14690","天津揭阳","CZ6656","738","天津","揭阳",NA,NA,NA,"与MF4232代码共享 待航路走向批复后执行",3,NA
"14810","天津天水","G52677","CR9","天津","天水",NA,NA,NA,"待航线走向批复后执行",4,NA
"14811","天津天水","G52677","CR9","天津","天水",NA,NA,NA,"待航线走向批复后执行",3,NA
"14816","天津万县","GY7122","E90","天津","万县","贵阳",NA,NA,NA,7,NA
"14885","天津宜昌","GX8820","E90","天津","宜昌","南宁",NA,NA,"或A320执行；与GS8820/HU8820代码共享；执行日期0327-1029执行；待航路走向批复后执行",4,NA
"14946","天水天津","G52678","CR9","天水","天津","大连",NA,NA,"待航线走向批复后执行",7,NA
"14950","天水重庆","G52782","CR9","天水","重庆",NA,NA,NA,NA,7,NA
"14965","通辽海拉尔","HO1237/8","320","通辽","海拉尔",NA,NA,NA,NA,2,NA
"14966","通辽海拉尔","HO1237","320","通辽","海拉尔",NA,NA,NA,"与MU4049代码共享",2,NA
"14967","通辽海拉尔","HO1237/8","320","通辽","海拉尔",NA,NA,NA,NA,2,NA
"15010","吐鲁番上海虹桥","CZ6475/6","738","吐鲁番","上海虹桥",NA,NA,NA,"B73G/B752执行",3,NA
"15011","吐鲁番上海虹桥","CZ6475/6","738","吐鲁番","上海虹桥",NA,NA,NA,"B73G/B752执行",3,NA
"15013","万县北京首都","3U8837","320","万县","北京首都",NA,NA,NA,"或330/321/319执行 待航路走向批复后执行",3,NA
"15014","万县北京首都","3U8837","320","万县","北京首都",NA,NA,NA,"或330/321/319执行 待航路走向批复后执行",1,NA
"15015","万县北京首都","3U8837","320","万县","北京首都",NA,NA,NA,"或330/321/319执行 待航路走向批复后执行",3,NA
"15016","万县成都","3U8798","320","万县","成都",NA,NA,NA,NA,2,NA
"15017","万县广州","CA4335","737","万县","广州",NA,NA,NA,NA,7,NA
"15018","万县贵阳","GY7122","E90","万县","贵阳",NA,NA,NA,NA,7,NA
"15019","万县贵阳","GY7110","E90","万县","贵阳",NA,NA,NA,"待航路走向批复后执行",3,NA
"15020","万县海口","JD5786","319","万县","海口",NA,NA,NA,"或320/321/330执行",2,NA
"15021","万县海口","JD5786","319","万县","海口",NA,NA,NA,"或320/321/330执行",1,NA
"15022","万县昆明","3U8838","320","万县","昆明",NA,NA,NA,"或330/321/319执行 待航路走向批复后执行",1,NA
"15023","万县昆明","3U8838","319","万县","昆明",NA,NA,NA,"或330/321/320执行 待航路走向批复后执行",6,NA
"15024","万县南京","G52663","CR9","万县","南京",NA,NA,NA,NA,4,NA
"15025","万县南京","GY7109","E90","万县","南京",NA,NA,NA,"待航路走向批复后执行",3,NA
"15026","万县厦门","MF8234","738","万县","厦门",NA,NA,NA,"或B73G/752执行 与CZ5158/NS8234代码共享",4,NA
"15027","万县上海浦东","FM9462","73G","万县","上海浦东",NA,NA,NA,"或333/767/738执行 执行日期0327-1029执行",3,NA
"15028","万县上海浦东","FM9462","73G","万县","上海浦东",NA,NA,NA,"或333/767/738执行 执行日期0327-1029执行",2,NA
"15029","万县深圳","ZH9770","320","万县","深圳",NA,NA,NA,"或739/738/319执行;同CA3512 KY9770代码共享",7,NA
"15030","万县深圳","3U8797","320","万县","深圳",NA,NA,NA,NA,2,NA
"15031","万县天津","GY7121","E90","万县","天津",NA,NA,NA,NA,7,NA
"15032","万县西安","MF8233","738","万县","西安",NA,NA,NA,"或B73G/752执行 与CZ5157/NS8233代码共享",4,NA
"15033","万县重庆","G52664","CR9","万县","重庆",NA,NA,NA,NA,4,NA
"15053","威海满洲里","GS6411/2","320","威海","满洲里",NA,NA,NA,NA,3,NA
"15054","威海满洲里","GS6411/2","320","威海","满洲里",NA,NA,NA,NA,3,NA
"15148","温州揭阳","MU5553","320","温州","揭阳",NA,NA,NA,"执行日期0327-1029执行",1,NA
"15149","温州揭阳","MU5553","320","温州","揭阳",NA,NA,NA,"执行日期0327-1029执行",3,NA
"15150","温州揭阳","FM9571/2","737","温州","揭阳",NA,NA,NA,NA,3,NA
"15151","温州揭阳","FM9571/2","737","温州","揭阳",NA,NA,NA,NA,3,NA
"15285","乌兰浩特海拉尔","KN2287","738","乌兰浩特","海拉尔",NA,NA,NA,"待航线走向批复后执行",3,NA
"15286","乌兰浩特海拉尔","KN2287","738","乌兰浩特","海拉尔",NA,NA,NA,"待航线走向批复后执行",4,NA
"15621","乌鲁木齐牡丹江","MU2800","320","乌鲁木齐","牡丹江",NA,NA,NA,"执行日期0701-1029执行 待航路走向批复后执行",7,NA
"15622","乌鲁木齐那拉提","CZ6897","E90","乌鲁木齐","那拉提",NA,NA,NA,"执行日期0501-1029执行 或73G执行 与MF4425 MU4631代码共享",2,NA
"15623","乌鲁木齐那拉提","CZ6897","E90","乌鲁木齐","那拉提",NA,NA,NA,"或73G执行 与MF4425 MU4631代码共享",4,NA
"15624","乌鲁木齐那拉提","CZ6897","E90","乌鲁木齐","那拉提",NA,NA,NA,"执行日期0501-1029执行 或73G执行 与MF4425 MU4631代码共享",1,NA
"15625","乌鲁木齐那拉提","GS7529","E90","乌鲁木齐","那拉提",NA,NA,NA,"或320/EM4执行",3,NA
"15626","乌鲁木齐那拉提","CZ6891/2","EMB","乌鲁木齐","那拉提","乌鲁木齐",NA,NA,"执行日期7.1-9.30",7,NA
"15627","乌鲁木齐那拉提","GS7529","E90","乌鲁木齐","那拉提",NA,NA,NA,"或320/EM4执行",4,NA
"15725","乌鲁木齐吐鲁番","CZ6475/6","738","乌鲁木齐","吐鲁番","上海虹桥","吐鲁番","乌鲁木齐","B73G/B752执行",3,NA
"15726","乌鲁木齐吐鲁番","CZ6475/6","738","乌鲁木齐","吐鲁番",NA,NA,NA,"B73G/B752执行",3,NA
"15924","无锡海拉尔","MU7847/8","320","无锡","海拉尔","无锡",NA,NA,NA,3,NA
"15964","无锡铜仁","MU2949/50","320","无锡","铜仁",NA,NA,NA,NA,7,NA
"15965","无锡铜仁","MU2949/50","320","无锡","铜仁",NA,NA,NA,NA,7,NA
"15983","无锡张掖","MU7839/40","320","无锡","张掖","无锡",NA,NA,NA,2,NA
"16006","梧州杭州","G52779/80","CR9","梧州","杭州",NA,NA,NA,NA,3,NA
"16007","梧州杭州","G52873","CR9","梧州","杭州",NA,NA,NA,NA,3,NA
"16008","梧州杭州","G52779/80","CR9","梧州","杭州",NA,NA,NA,NA,3,NA
"16153","武汉揭阳","CZ6627","738","武汉","揭阳",NA,NA,NA,"与MF4215 MU4815代码共享",4,NA
"16154","武汉揭阳","MU2457","738","武汉","揭阳","珠海",NA,NA,"执行日期0410-1029执行",7,NA
"16155","武汉揭阳","MU2615","320","武汉","揭阳",NA,NA,NA,"执行日期0410-1029执行",2,NA
"16156","武汉揭阳","MU2615","320","武汉","揭阳",NA,NA,NA,"执行日期0410-1029执行",1,NA
"16157","武汉揭阳","CZ3890","738","武汉","揭阳",NA,NA,NA,"与MF1684 MU4746代码共享",1,NA
"16158","武汉揭阳","CZ3890","738","武汉","揭阳",NA,NA,NA,"与MF1684 MU4746代码共享",6,NA
"16159","武汉克拉玛依","CZ6287/8","738","武汉","克拉玛依",NA,NA,NA,NA,3,NA
"16160","武汉克拉玛依","CZ6287/8","738","武汉","克拉玛依",NA,NA,NA,NA,3,NA
"16199","武汉连城","HU7185/6","738","武汉","连城",NA,NA,NA,NA,3,NA
"16200","武汉连城","HU7185/6","738","武汉","连城",NA,NA,NA,NA,3,NA
"16438","西安安顺","GS7601/2","E90","西安","安顺",NA,NA,NA,NA,4,NA
"16439","西安安顺","GS7601/2","E90","西安","安顺","桂林","安顺","西安",NA,4,NA
"16481","西安毕节","GX8816","E90","西安","毕节","南宁",NA,NA,"或A320执行；与GS8816/HU8816代码共享；执行日期0327-1029执行；待航路走向批复后执行",3,NA
"16514","西安德宏","3U8611","319","西安","德宏",NA,NA,NA,NA,3,NA
"16610","西安海拉尔","GS7655","320","西安","海拉尔",NA,NA,NA,"或333/332/E90执行",7,NA
"16611","西安海拉尔","GS7605","E90","西安","海拉尔",NA,NA,NA,"或320/EM4执行",3,NA
"16649","西安花土沟","MU2355/6","319","西安","花土沟",NA,NA,NA,NA,7,NA
"16650","西安花土沟","MU2355/6","319","西安","花土沟",NA,NA,NA,NA,7,NA
"16665","西安揭阳","CZ6627","738","西安","揭阳",NA,NA,NA,"与MF4215 MU4815代码共享",4,NA
"16666","西安揭阳","CZ3890","738","西安","揭阳",NA,NA,NA,"与MF1684 MU4746代码共享",1,NA
"16667","西安揭阳","CZ3890","738","西安","揭阳",NA,NA,NA,"与MF1684 MU4746代码共享",6,NA
"16671","西安九寨","MU2367","319","西安","九寨",NA,NA,NA,"执行日期0327-1029执行",7,NA
"16672","西安九寨","3U8613","319","西安","九寨",NA,NA,NA,"或330/321/320执行",7,NA
"16673","西安九寨","MU2383","319","西安","九寨",NA,NA,NA,"执行日期0327-1029执行",7,NA
"16674","西安九寨","3U8635","319","西安","九寨",NA,NA,NA,"或330/321/320执行",7,NA
"16779","西安日照","GS7649/50","E90","西安","日照","西安",NA,NA,NA,4,NA
"16879","西安腾冲","KY8312","73G","西安","腾冲",NA,NA,NA,"与ZH3152代码共享 与CA5752代码共享。",7,NA
"16902","西安万县","MF8234","738","西安","万县","厦门",NA,NA,"或B73G/752执行 与CZ5158/NS8234代码共享",4,NA
"17167","西宁揭阳","MU2247","320","西宁","揭阳",NA,NA,NA,"执行日期0327-1029执行",7,NA
"17245","西宁榆林","G52654","CR9","西宁","榆林","大连",NA,NA,"待航线走向批复后执行",3,NA
"17246","西宁榆林","G52654","CR9","西宁","榆林","大连",NA,NA,"待航线走向批复后执行",4,NA
"17272","西双版纳安顺","GJ8880","320","西双版纳","安顺","杭州",NA,NA,"待航线走向批复后执行",3,NA
"17283","西双版纳桂林","GJ8852","320","西双版纳","桂林","杭州",NA,NA,"待航线走向批复后执行",4,NA
"17391","锡林浩特哈尔滨","G52719","CR9","锡林浩特","哈尔滨",NA,NA,NA,NA,3,NA
"17429","忻州广州","MU2488","738","忻州","广州",NA,NA,NA,"执行日期0410-1029执行 待航路走向批复后执行",7,NA
"17430","忻州广州","CZ6641/2","738","忻州","广州",NA,NA,NA,NA,3,NA
"17431","忻州广州","CZ6641/2","E90","忻州","广州",NA,NA,NA,NA,1,NA
"17432","忻州桂林","JD5314","319","忻州","桂林","海口",NA,NA,"或320/321/330执行待航线走向批复后执行",4,NA
"17433","忻州海口","JD5314","319","忻州","海口",NA,NA,NA,"或320/321/330执行待航线走向批复后执行",4,NA
"17459","徐州北戴河","HU7323","738","徐州","北戴河",NA,NA,NA,"待航路走向批复后执行",4,NA
"17546","烟台海拉尔","QW9819/20","320","烟台","海拉尔",NA,NA,NA,NA,7,NA
"17547","烟台海拉尔","QW9819/20","320","烟台","海拉尔",NA,NA,NA,NA,7,NA
"17548","烟台海拉尔","SC8869","738","烟台","海拉尔",NA,NA,NA,"或737执行；与CA8869代码共享；执行日期0601-1029",7,NA
"17549","烟台海拉尔","FU6649","738","烟台","海拉尔",NA,NA,NA,"或E190执飞 执行日期0626-0910执行 待航路走向批复后执行",7,NA
"17567","烟台兰州","MU9619/20","320","烟台","兰州","烟台",NA,NA,NA,3,NA
"17568","烟台兰州","SC4735/6","738","烟台","兰州",NA,NA,NA,NA,3,NA
"17569","烟台兰州","SC4735/6","738","烟台","兰州",NA,NA,NA,NA,3,NA
"17618","烟台西宁","SC8713/4","738","烟台","西宁",NA,NA,NA,NA,7,NA
"17619","烟台西宁","SC8713/4","738","烟台","西宁",NA,NA,NA,NA,7,NA
"17692","盐城贵阳","GY7124","E90","盐城","贵阳",NA,NA,NA,NA,4,NA
"17720","扬州桂林","GT1011/2","319","扬州","桂林",NA,NA,NA,NA,5,NA
"17751","伊宁克拉玛依","CA1234","738","伊宁","克拉玛依","北京首都",NA,NA,"待航线走向批复后执行",1,NA
"17752","伊宁克拉玛依","CA1234","738","伊宁","克拉玛依","北京首都",NA,NA,"待航线走向批复后执行",6,NA
"17753","伊宁牡丹江","MU2800","320","伊宁","牡丹江",NA,NA,NA,"执行日期0701-1029执行 待航路走向批复后执行",7,NA
"17830","宜昌南宁","GX8820","E90","宜昌","南宁",NA,NA,NA,"或A320执行；与GS8820/HU8820代码共享；执行日期0327-1029执行；待航路走向批复后执行",4,NA
"17841","宜昌天津","GX8819","E90","宜昌","天津",NA,NA,NA,"或A320执行；与GS8819/HU8819代码共享；执行日期0327-1029执行；待航路走向批复后执行",4,NA
"17870","义乌揭阳","CZ6656","738","义乌","揭阳",NA,NA,NA,"与MF4232代码共享 待航路走向批复后执行",3,NA
"17871","义乌揭阳","DZ6243","738","义乌","揭阳",NA,NA,NA,NA,7,NA
"17872","义乌揭阳","CZ6588","738","义乌","揭阳",NA,NA,NA,"与MF4190代码共享",2,NA
"17873","义乌揭阳","CZ6398","738","义乌","揭阳",NA,NA,NA,"与MF4024代码共享",7,NA
"17874","义乌揭阳","CZ6588","738","义乌","揭阳",NA,NA,NA,"与MF4190代码共享",1,NA
"17875","义乌揭阳","GS6546","E90","义乌","揭阳","海口",NA,NA,"或320/EM4执行",4,NA
"17891","银川阿拉善左旗","JR1517","MA6","银川","阿拉善左旗",NA,NA,NA,"与MU8115代号共享；待航线走向批复后执行",7,NA
"17970","银川揭阳","MU2615","320","银川","揭阳",NA,NA,NA,"执行日期0410-1029执行",1,NA
"17971","银川揭阳","MU2615","320","银川","揭阳",NA,NA,NA,"执行日期0410-1029执行",2,NA
"18107","营口北京首都","DZ6209/10","738","营口","北京首都",NA,NA,NA,NA,7,NA
"18115","永州上海虹桥","MU5807","738","永州","上海虹桥",NA,NA,NA,"执行日期0327-1029执行 或73G执行 待航路走向批复后执行",4,NA
"18163","榆林西宁","G52653","CR9","榆林","西宁",NA,NA,NA,"待航线走向批复后执行",4,NA
"18164","榆林西宁","G52653","CR9","榆林","西宁",NA,NA,NA,"待航线走向批复后执行",3,NA
"18217","湛江揭阳","GS6561","E90","湛江","揭阳",NA,NA,NA,"或320/EM4执行",4,NA
"18310","张掖成都","EU2272","319","张掖","成都",NA,NA,NA,"或A320执行。",4,NA
"18315","张掖南京","MU7829/30","320","张掖","南京",NA,NA,NA,NA,3,NA
"18317","张掖无锡","MU7839/40","320","张掖","无锡",NA,NA,NA,NA,2,NA
"18369","长春海拉尔","SC4844","738","长春","海拉尔",NA,NA,NA,NA,7,NA
"18370","长春海拉尔","SC4609","738","长春","海拉尔",NA,NA,NA,"或737执行;与CA4609代码共享；执行日期0601-1029",7,NA
"18407","长春临沂","A67114","321","长春","临沂","昆明",NA,NA,"或320执行。",7,NA
"18643","长沙海拉尔","CZ8409/10","320","长沙","海拉尔","长沙",NA,NA,NA,3,NA
"18644","长沙海拉尔","MF8291","738","长沙","海拉尔",NA,NA,NA,"或B73G/752执行 执行日期6.1-10.29执行 与CZ5203/NS8291代码共享",7,NA
"18667","长沙济宁","GX8831","E90","长沙","济宁",NA,NA,NA,"或A320执行；与GS8831/HU8831代码共享；执行日期0327-1029执行；待航路走向批复后执行",4,NA
"18668","长沙揭阳","MU2399","320","长沙","揭阳",NA,NA,NA,"执行日期0327-1029执行",3,NA
"18669","长沙揭阳","CZ3826","738","长沙","揭阳",NA,NA,NA,"与MF1626 G55050 MU4742代码共享",7,NA
"18670","长沙揭阳","OQ2353","319","长沙","揭阳",NA,NA,NA,"执行日期0327-1029执行 与CZ8153 G55195代码共享",7,NA
"18671","长沙九寨","MU5751","737","长沙","九寨",NA,NA,NA,NA,7,NA
"18737","长沙黔南州","BK2985","MA6","长沙","黔南州",NA,NA,NA,"待航路走向批复后执行",4,NA
"18972","郑州北戴河","CZ8527/8","733","郑州","北戴河",NA,NA,NA,NA,3,NA
"18973","郑州北戴河","CZ8527/8","733","郑州","北戴河",NA,NA,NA,NA,3,NA
"19081","郑州海拉尔","DZ6227","738","郑州","海拉尔",NA,NA,NA,NA,7,NA
"19082","郑州海拉尔","CZ8453/4","320","郑州","海拉尔",NA,NA,NA,NA,7,NA
"19083","郑州海拉尔","CZ8453/4","320","郑州","海拉尔",NA,NA,NA,NA,7,NA
"19084","郑州海拉尔","CZ8599","737","郑州","海拉尔",NA,NA,NA,NA,5,NA
"19127","郑州揭阳","DZ6243","738","郑州","揭阳",NA,NA,NA,NA,7,NA
"19128","郑州揭阳","CZ6556","738","郑州","揭阳",NA,NA,NA,"与MF4162代码共享",4,NA
"19129","郑州揭阳","PN6325","319","郑州","揭阳",NA,NA,NA,"或320执行",7,NA
"19130","郑州揭阳","FM9571/2","737","郑州","揭阳",NA,NA,NA,NA,3,NA
"19131","郑州揭阳","FM9571/2","737","郑州","揭阳",NA,NA,NA,NA,3,NA
"19132","郑州九寨","PN6210","319","郑州","九寨",NA,NA,NA,"执行日期0501-1029",7,NA
"19136","郑州凯里","8L9686","73G","郑州","凯里","昆明",NA,NA,"或A319/A320执行。",7,NA
"19137","郑州克拉玛依","FM9567/8","737","郑州","克拉玛依",NA,NA,NA,"或B738执行",4,NA
"19138","郑州克拉玛依","FM9567/8","737","郑州","克拉玛依",NA,NA,NA,"或B738执行",4,NA
"19139","郑州克拉玛依","FM9567/8","737","郑州","克拉玛依",NA,NA,NA,"或B738执行",2,NA
"19140","郑州克拉玛依","FM9567/8","737","郑州","克拉玛依",NA,NA,NA,"或B738执行",2,NA
"19506","重庆甘孜","3U8165","319","重庆","甘孜",NA,NA,NA,"或330/321/320执行 待航路走向批复后执行",2,NA
"19594","重庆汉中","G52787","CR9","重庆","汉中","西安",NA,NA,NA,3,NA
"19595","重庆汉中","G52787","CR9","重庆","汉中","西安",NA,NA,NA,3,NA
"19657","重庆揭阳","CZ3826","738","重庆","揭阳",NA,NA,NA,"与MF1626 G55050 MU4742代码共享",7,NA
"19658","重庆揭阳","OQ2353","319","重庆","揭阳",NA,NA,NA,"执行日期0327-1029执行 与CZ8153 G55195代码共享",7,NA
"19659","重庆揭阳","CZ3860","738","重庆","揭阳",NA,NA,NA,"与MF1656 G55054代码共享",7,NA
"19660","重庆揭阳","PN6305","319","重庆","揭阳",NA,NA,NA,"或320执行",7,NA
"19661","重庆揭阳","3U8921","320","重庆","揭阳",NA,NA,NA,"或330/321/319执行",6,NA
"19662","重庆九寨","3U8025","319","重庆","九寨",NA,NA,NA,NA,2,NA
"19663","重庆九寨","3U8407","319","重庆","九寨",NA,NA,NA,NA,4,NA
"19664","重庆九寨","CA4331","737","重庆","九寨",NA,NA,NA,NA,7,NA
"19665","重庆九寨","CA4525","737","重庆","九寨",NA,NA,NA,NA,7,NA
"19666","重庆九寨","CA4397","737","重庆","九寨",NA,NA,NA,NA,7,NA
"19667","重庆九寨","CA4427","73G","重庆","九寨",NA,NA,NA,NA,4,NA
"19668","重庆九寨","3U8025","319","重庆","九寨",NA,NA,NA,NA,5,NA
"19669","重庆九寨","3U8129","319","重庆","九寨",NA,NA,NA,"或320执行",1,NA
"19670","重庆九寨","OQ2381","319","重庆","九寨",NA,NA,NA,"执行日期0327-1029执行 与CZ8181 G55203代码共享",7,NA
"19671","重庆九寨","3U8129","319","重庆","九寨",NA,NA,NA,"或320执行",1,NA
"19672","重庆九寨","OQ2383/4","319","重庆","九寨","重庆",NA,NA,NA,7,NA
"19673","重庆九寨","PN6225/6","319","重庆","九寨","重庆",NA,NA,NA,7,NA
"19738","重庆临汾","G52625/6","CR9","重庆","临汾","天津","临汾","重庆",NA,3,NA
"19739","重庆临汾","G52625/6","CR9","重庆","临汾",NA,NA,NA,NA,3,NA
"19749","重庆六盘水","G52897","CR9","重庆","六盘水",NA,NA,NA,"待航线走向批复后执行",4,NA
"19750","重庆六盘水","G52617","CR9","重庆","六盘水",NA,NA,NA,NA,7,NA
"19945","重庆天水","G52781","CR9","重庆","天水","西安",NA,NA,NA,7,NA
"19948","重庆万县","G52663","CR9","重庆","万县","南京",NA,NA,NA,4,NA
"20109","舟山揭阳","MU5205","319","舟山","揭阳",NA,NA,NA,"执行日期0327-1029执行 或320执行",7,NA
"20173","珠海揭阳","FM9298","738","珠海","揭阳","上海虹桥",NA,NA,"或333/767/73G执行 执行日期0327-1029执行",7,NA
"20174","珠海揭阳","MU2458","738","珠海","揭阳","武汉",NA,NA,"执行日期0410-1029执行",7,NA
"20300","遵义西宁","GJ8795/6","320","遵义","西宁",NA,NA,NA,NA,7,NA
"20301","遵义西宁","GJ8795/6","320","遵义","西宁",NA,NA,NA,NA,7,NA
